strike,bid,ask,spot,time_to_maturity,option_type
200.0,6673.0,6692.9,6882.9400000000005,0.0630136986301369,C
400.0,6473.3,6492.5,6882.9400000000005,0.0630136986301369,C
600.0,6273.5,6294.5,6882.9400000000005,0.0630136986301369,C
800.0,6074.7,6093.2,6882.9400000000005,0.0630136986301369,C
1000.0,5877.8,5892.1,6882.9400000000005,0.0630136986301369,C
1200.0,5675.7,5694.2,6882.9400000000005,0.0630136986301369,C
1400.0,5476.2,5494.9,6882.9400000000005,0.0630136986301369,C
1600.0,5277.2,5295.4,6882.9400000000005,0.0630136986301369,C
1800.0,5076.9,5096.0,6882.9400000000005,0.0630136986301369,C
2000.0,4880.7,4894.9,6882.9400000000005,0.0630136986301369,C
2200.0,4678.6,4698.5,6882.9400000000005,0.0630136986301369,C
2400.0,4479.2,4497.7,6882.9400000000005,0.0630136986301369,C
2500.0,4379.4,4398.0,6882.9400000000005,0.0630136986301369,C
2600.0,4279.2,4298.3,6882.9400000000005,0.0630136986301369,C
2700.0,4179.5,4198.6,6882.9400000000005,0.0630136986301369,C
2800.0,4079.7,4098.9,6882.9400000000005,0.0630136986301369,C
2900.0,3980.0,3999.2,6882.9400000000005,0.0630136986301369,C
3000.0,3884.0,3897.4,6882.9400000000005,0.0630136986301369,C
3100.0,3782.8,3799.8,6882.9400000000005,0.0630136986301369,C
3200.0,3680.9,3700.1,6882.9400000000005,0.0630136986301369,C
3300.0,3582.9,3600.4,6882.9400000000005,0.0630136986301369,C
3400.0,3481.5,3500.7,6882.9400000000005,0.0630136986301369,C
3500.0,3385.0,3399.3,6882.9400000000005,0.0630136986301369,C
3550.0,3335.2,3349.5,6882.9400000000005,0.0630136986301369,C
3600.0,3282.1,3301.8,6882.9400000000005,0.0630136986301369,C
3650.0,3233.2,3251.5,6882.9400000000005,0.0630136986301369,C
3700.0,3183.0,3202.1,6882.9400000000005,0.0630136986301369,C
3750.0,3133.3,3153.6,6882.9400000000005,0.0630136986301369,C
3800.0,3083.4,3101.9,6882.9400000000005,0.0630136986301369,C
3850.0,3032.9,3052.1,6882.9400000000005,0.0630136986301369,C
3900.0,2983.0,3002.3,6882.9400000000005,0.0630136986301369,C
3950.0,2936.5,2950.7,6882.9400000000005,0.0630136986301369,C
4000.0,2888.1,2899.5,6882.9400000000005,0.0630136986301369,C
4050.0,2836.8,2851.1,6882.9400000000005,0.0630136986301369,C
4100.0,2785.4,2804.3,6882.9400000000005,0.0630136986301369,C
4125.0,2759.4,2778.5,6882.9400000000005,0.0630136986301369,C
4150.0,2734.7,2753.0,6882.9400000000005,0.0630136986301369,C
4175.0,2709.7,2728.2,6882.9400000000005,0.0630136986301369,C
4200.0,2684.6,2703.7,6882.9400000000005,0.0630136986301369,C
4225.0,2659.6,2678.3,6882.9400000000005,0.0630136986301369,C
4250.0,2634.9,2653.4,6882.9400000000005,0.0630136986301369,C
4275.0,2610.8,2628.5,6882.9400000000005,0.0630136986301369,C
4300.0,2585.0,2604.1,6882.9400000000005,0.0630136986301369,C
4325.0,2560.0,2579.2,6882.9400000000005,0.0630136986301369,C
4350.0,2535.1,2555.6,6882.9400000000005,0.0630136986301369,C
4375.0,2509.7,2528.9,6882.9400000000005,0.0630136986301369,C
4400.0,2485.2,2503.9,6882.9400000000005,0.0630136986301369,C
4425.0,2460.4,2479.1,6882.9400000000005,0.0630136986301369,C
4450.0,2435.5,2454.6,6882.9400000000005,0.0630136986301369,C
4475.0,2410.6,2429.7,6882.9400000000005,0.0630136986301369,C
4500.0,2385.1,2405.7,6882.9400000000005,0.0630136986301369,C
4525.0,2361.2,2379.4,6882.9400000000005,0.0630136986301369,C
4550.0,2336.0,2354.5,6882.9400000000005,0.0630136986301369,C
4575.0,2310.5,2329.6,6882.9400000000005,0.0630136986301369,C
4600.0,2285.6,2304.7,6882.9400000000005,0.0630136986301369,C
4625.0,2261.3,2279.8,6882.9400000000005,0.0630136986301369,C
4650.0,2237.9,2254.9,6882.9400000000005,0.0630136986301369,C
4675.0,2210.9,2230.0,6882.9400000000005,0.0630136986301369,C
4700.0,2185.9,2205.1,6882.9400000000005,0.0630136986301369,C
4725.0,2161.6,2180.7,6882.9400000000005,0.0630136986301369,C
4750.0,2136.1,2155.8,6882.9400000000005,0.0630136986301369,C
4775.0,2111.8,2130.9,6882.9400000000005,0.0630136986301369,C
4800.0,2087.3,2106.9,6882.9400000000005,0.0630136986301369,C
4825.0,2061.9,2080.6,6882.9400000000005,0.0630136986301369,C
4850.0,2037.1,2056.2,6882.9400000000005,0.0630136986301369,C
4875.0,2012.5,2030.9,6882.9400000000005,0.0630136986301369,C
4900.0,1987.7,2006.0,6882.9400000000005,0.0630136986301369,C
4925.0,1961.9,1981.7,6882.9400000000005,0.0630136986301369,C
4950.0,1937.6,1956.7,6882.9400000000005,0.0630136986301369,C
4975.0,1912.7,1931.8,6882.9400000000005,0.0630136986301369,C
5000.0,1892.8,1902.5,6882.9400000000005,0.0630136986301369,C
5025.0,1862.4,1881.6,6882.9400000000005,0.0630136986301369,C
5050.0,1838.0,1857.2,6882.9400000000005,0.0630136986301369,C
5075.0,1813.2,1832.3,6882.9400000000005,0.0630136986301369,C
5100.0,1791.1,1805.2,6882.9400000000005,0.0630136986301369,C
5125.0,1763.7,1782.1,6882.9400000000005,0.0630136986301369,C
5150.0,1744.1,1752.3,6882.9400000000005,0.0630136986301369,C
5175.0,1719.2,1727.4,6882.9400000000005,0.0630136986301369,C
5200.0,1694.4,1702.4,6882.9400000000005,0.0630136986301369,C
5225.0,1669.5,1677.7,6882.9400000000005,0.0630136986301369,C
5250.0,1644.7,1652.7,6882.9400000000005,0.0630136986301369,C
5275.0,1620.3,1627.8,6882.9400000000005,0.0630136986301369,C
5300.0,1595.1,1603.1,6882.9400000000005,0.0630136986301369,C
5325.0,1570.2,1578.2,6882.9400000000005,0.0630136986301369,C
5350.0,1545.9,1553.2,6882.9400000000005,0.0630136986301369,C
5375.0,1521.1,1528.4,6882.9400000000005,0.0630136986301369,C
5400.0,1495.8,1503.5,6882.9400000000005,0.0630136986301369,C
5425.0,1471.4,1478.7,6882.9400000000005,0.0630136986301369,C
5450.0,1446.2,1453.9,6882.9400000000005,0.0630136986301369,C
5475.0,1421.4,1429.0,6882.9400000000005,0.0630136986301369,C
5490.0,1406.5,1414.1,6882.9400000000005,0.0630136986301369,C
5500.0,1396.5,1404.2,6882.9400000000005,0.0630136986301369,C
5510.0,1387.1,1394.2,6882.9400000000005,0.0630136986301369,C
5520.0,1377.2,1384.3,6882.9400000000005,0.0630136986301369,C
5525.0,1372.0,1379.9,6882.9400000000005,0.0630136986301369,C
5530.0,1367.3,1374.4,6882.9400000000005,0.0630136986301369,C
5540.0,1356.8,1364.6,6882.9400000000005,0.0630136986301369,C
5550.0,1347.5,1354.5,6882.9400000000005,0.0630136986301369,C
5560.0,1337.0,1344.6,6882.9400000000005,0.0630136986301369,C
5570.0,1327.1,1334.6,6882.9400000000005,0.0630136986301369,C
5575.0,1324.5,1328.4,6882.9400000000005,0.0630136986301369,C
5580.0,1319.5,1323.3,6882.9400000000005,0.0630136986301369,C
5590.0,1309.6,1313.5,6882.9400000000005,0.0630136986301369,C
5600.0,1300.0,1303.2,6882.9400000000005,0.0630136986301369,C
5610.0,1289.7,1293.6,6882.9400000000005,0.0630136986301369,C
5620.0,1279.8,1283.6,6882.9400000000005,0.0630136986301369,C
5625.0,1274.9,1278.7,6882.9400000000005,0.0630136986301369,C
5630.0,1269.9,1273.7,6882.9400000000005,0.0630136986301369,C
5640.0,1260.1,1263.9,6882.9400000000005,0.0630136986301369,C
5650.0,1250.4,1253.7,6882.9400000000005,0.0630136986301369,C
5660.0,1240.2,1244.0,6882.9400000000005,0.0630136986301369,C
5670.0,1230.3,1234.2,6882.9400000000005,0.0630136986301369,C
5675.0,1225.4,1229.1,6882.9400000000005,0.0630136986301369,C
5680.0,1220.4,1224.3,6882.9400000000005,0.0630136986301369,C
5690.0,1210.5,1214.2,6882.9400000000005,0.0630136986301369,C
5700.0,1200.9,1204.1,6882.9400000000005,0.0630136986301369,C
5710.0,1190.7,1194.5,6882.9400000000005,0.0630136986301369,C
5720.0,1180.9,1184.7,6882.9400000000005,0.0630136986301369,C
5725.0,1175.9,1179.6,6882.9400000000005,0.0630136986301369,C
5730.0,1171.1,1174.6,6882.9400000000005,0.0630136986301369,C
5740.0,1161.1,1164.9,6882.9400000000005,0.0630136986301369,C
5750.0,1151.5,1154.6,6882.9400000000005,0.0630136986301369,C
5760.0,1141.3,1145.1,6882.9400000000005,0.0630136986301369,C
5770.0,1131.4,1135.0,6882.9400000000005,0.0630136986301369,C
5775.0,1126.5,1130.1,6882.9400000000005,0.0630136986301369,C
5780.0,1121.6,1125.2,6882.9400000000005,0.0630136986301369,C
5790.0,1111.7,1115.3,6882.9400000000005,0.0630136986301369,C
5800.0,1102.1,1105.0,6882.9400000000005,0.0630136986301369,C
5810.0,1091.9,1095.5,6882.9400000000005,0.0630136986301369,C
5820.0,1082.0,1085.6,6882.9400000000005,0.0630136986301369,C
5825.0,1077.1,1080.7,6882.9400000000005,0.0630136986301369,C
5830.0,1072.2,1075.9,6882.9400000000005,0.0630136986301369,C
5840.0,1062.3,1065.9,6882.9400000000005,0.0630136986301369,C
5850.0,1052.7,1055.8,6882.9400000000005,0.0630136986301369,C
5860.0,1042.6,1046.1,6882.9400000000005,0.0630136986301369,C
5870.0,1032.7,1036.3,6882.9400000000005,0.0630136986301369,C
5875.0,1027.8,1031.4,6882.9400000000005,0.0630136986301369,C
5880.0,1022.9,1026.6,6882.9400000000005,0.0630136986301369,C
5890.0,1013.0,1016.6,6882.9400000000005,0.0630136986301369,C
5900.0,1003.5,1006.5,6882.9400000000005,0.0630136986301369,C
5910.0,993.3,996.9,6882.9400000000005,0.0630136986301369,C
5920.0,983.5,987.0,6882.9400000000005,0.0630136986301369,C
5925.0,978.6,982.1,6882.9400000000005,0.0630136986301369,C
5930.0,973.7,977.2,6882.9400000000005,0.0630136986301369,C
5940.0,963.8,967.4,6882.9400000000005,0.0630136986301369,C
5950.0,954.3,957.2,6882.9400000000005,0.0630136986301369,C
5960.0,944.3,947.8,6882.9400000000005,0.0630136986301369,C
5970.0,934.4,937.9,6882.9400000000005,0.0630136986301369,C
5975.0,929.4,933.0,6882.9400000000005,0.0630136986301369,C
5980.0,924.5,928.1,6882.9400000000005,0.0630136986301369,C
5990.0,914.8,918.3,6882.9400000000005,0.0630136986301369,C
6000.0,905.2,908.1,6882.9400000000005,0.0630136986301369,C
6010.0,895.1,898.8,6882.9400000000005,0.0630136986301369,C
6020.0,885.4,888.9,6882.9400000000005,0.0630136986301369,C
6025.0,880.4,884.0,6882.9400000000005,0.0630136986301369,C
6030.0,875.5,879.1,6882.9400000000005,0.0630136986301369,C
6040.0,865.9,869.1,6882.9400000000005,0.0630136986301369,C
6050.0,856.3,859.0,6882.9400000000005,0.0630136986301369,C
6060.0,846.2,849.6,6882.9400000000005,0.0630136986301369,C
6070.0,836.6,839.8,6882.9400000000005,0.0630136986301369,C
6075.0,831.6,834.9,6882.9400000000005,0.0630136986301369,C
6080.0,826.7,830.0,6882.9400000000005,0.0630136986301369,C
6090.0,817.1,820.3,6882.9400000000005,0.0630136986301369,C
6100.0,807.7,810.2,6882.9400000000005,0.0630136986301369,C
6110.0,797.5,800.8,6882.9400000000005,0.0630136986301369,C
6120.0,787.9,791.1,6882.9400000000005,0.0630136986301369,C
6125.0,782.9,786.3,6882.9400000000005,0.0630136986301369,C
6130.0,778.2,781.4,6882.9400000000005,0.0630136986301369,C
6140.0,768.5,771.8,6882.9400000000005,0.0630136986301369,C
6150.0,759.0,761.7,6882.9400000000005,0.0630136986301369,C
6160.0,749.1,752.4,6882.9400000000005,0.0630136986301369,C
6170.0,739.5,742.7,6882.9400000000005,0.0630136986301369,C
6175.0,734.5,737.9,6882.9400000000005,0.0630136986301369,C
6180.0,729.8,733.1,6882.9400000000005,0.0630136986301369,C
6185.0,725.0,728.2,6882.9400000000005,0.0630136986301369,C
6190.0,720.2,723.4,6882.9400000000005,0.0630136986301369,C
6195.0,715.3,718.7,6882.9400000000005,0.0630136986301369,C
6200.0,710.9,713.4,6882.9400000000005,0.0630136986301369,C
6205.0,705.7,709.1,6882.9400000000005,0.0630136986301369,C
6210.0,700.8,704.2,6882.9400000000005,0.0630136986301369,C
6215.0,696.1,699.3,6882.9400000000005,0.0630136986301369,C
6220.0,691.2,694.6,6882.9400000000005,0.0630136986301369,C
6225.0,686.6,689.8,6882.9400000000005,0.0630136986301369,C
6230.0,681.8,685.0,6882.9400000000005,0.0630136986301369,C
6235.0,677.0,680.1,6882.9400000000005,0.0630136986301369,C
6240.0,672.1,675.4,6882.9400000000005,0.0630136986301369,C
6245.0,667.4,670.7,6882.9400000000005,0.0630136986301369,C
6250.0,662.9,665.5,6882.9400000000005,0.0630136986301369,C
6255.0,657.9,661.0,6882.9400000000005,0.0630136986301369,C
6260.0,653.0,656.3,6882.9400000000005,0.0630136986301369,C
6265.0,648.4,651.6,6882.9400000000005,0.0630136986301369,C
6270.0,643.6,646.7,6882.9400000000005,0.0630136986301369,C
6275.0,638.9,642.0,6882.9400000000005,0.0630136986301369,C
6280.0,634.1,637.2,6882.9400000000005,0.0630136986301369,C
6285.0,629.4,632.4,6882.9400000000005,0.0630136986301369,C
6290.0,624.6,627.8,6882.9400000000005,0.0630136986301369,C
6295.0,619.8,622.9,6882.9400000000005,0.0630136986301369,C
6300.0,615.4,617.9,6882.9400000000005,0.0630136986301369,C
6305.0,610.5,613.4,6882.9400000000005,0.0630136986301369,C
6310.0,605.8,608.7,6882.9400000000005,0.0630136986301369,C
6315.0,601.0,604.1,6882.9400000000005,0.0630136986301369,C
6320.0,596.3,599.3,6882.9400000000005,0.0630136986301369,C
6325.0,591.5,594.6,6882.9400000000005,0.0630136986301369,C
6330.0,586.8,589.9,6882.9400000000005,0.0630136986301369,C
6335.0,582.1,585.1,6882.9400000000005,0.0630136986301369,C
6340.0,577.5,580.4,6882.9400000000005,0.0630136986301369,C
6345.0,572.9,575.7,6882.9400000000005,0.0630136986301369,C
6350.0,568.5,570.7,6882.9400000000005,0.0630136986301369,C
6355.0,563.5,566.3,6882.9400000000005,0.0630136986301369,C
6360.0,558.8,561.8,6882.9400000000005,0.0630136986301369,C
6365.0,554.2,557.1,6882.9400000000005,0.0630136986301369,C
6370.0,549.5,552.3,6882.9400000000005,0.0630136986301369,C
6375.0,544.9,547.7,6882.9400000000005,0.0630136986301369,C
6380.0,540.2,543.1,6882.9400000000005,0.0630136986301369,C
6385.0,535.6,538.3,6882.9400000000005,0.0630136986301369,C
6390.0,531.0,533.8,6882.9400000000005,0.0630136986301369,C
6395.0,526.3,529.0,6882.9400000000005,0.0630136986301369,C
6400.0,521.9,524.1,6882.9400000000005,0.0630136986301369,C
6405.0,517.1,519.7,6882.9400000000005,0.0630136986301369,C
6410.0,512.5,515.1,6882.9400000000005,0.0630136986301369,C
6415.0,507.8,510.5,6882.9400000000005,0.0630136986301369,C
6420.0,503.3,506.0,6882.9400000000005,0.0630136986301369,C
6425.0,498.6,501.3,6882.9400000000005,0.0630136986301369,C
6430.0,494.1,496.6,6882.9400000000005,0.0630136986301369,C
6435.0,489.4,492.1,6882.9400000000005,0.0630136986301369,C
6440.0,485.0,487.6,6882.9400000000005,0.0630136986301369,C
6445.0,480.4,483.0,6882.9400000000005,0.0630136986301369,C
6450.0,476.0,478.0,6882.9400000000005,0.0630136986301369,C
6455.0,471.2,473.7,6882.9400000000005,0.0630136986301369,C
6460.0,466.6,469.3,6882.9400000000005,0.0630136986301369,C
6465.0,462.2,464.6,6882.9400000000005,0.0630136986301369,C
6470.0,457.7,460.1,6882.9400000000005,0.0630136986301369,C
6475.0,453.0,455.5,6882.9400000000005,0.0630136986301369,C
6480.0,448.5,451.0,6882.9400000000005,0.0630136986301369,C
6485.0,444.0,446.5,6882.9400000000005,0.0630136986301369,C
6490.0,439.6,442.1,6882.9400000000005,0.0630136986301369,C
6495.0,435.1,437.4,6882.9400000000005,0.0630136986301369,C
6500.0,430.8,432.7,6882.9400000000005,0.0630136986301369,C
6505.0,426.2,428.6,6882.9400000000005,0.0630136986301369,C
6510.0,421.7,424.1,6882.9400000000005,0.0630136986301369,C
6515.0,417.2,419.5,6882.9400000000005,0.0630136986301369,C
6520.0,412.8,415.0,6882.9400000000005,0.0630136986301369,C
6525.0,408.2,410.6,6882.9400000000005,0.0630136986301369,C
6530.0,403.9,406.1,6882.9400000000005,0.0630136986301369,C
6535.0,399.3,401.7,6882.9400000000005,0.0630136986301369,C
6540.0,394.9,397.3,6882.9400000000005,0.0630136986301369,C
6545.0,390.6,393.0,6882.9400000000005,0.0630136986301369,C
6550.0,386.3,388.2,6882.9400000000005,0.0630136986301369,C
6555.0,381.8,384.0,6882.9400000000005,0.0630136986301369,C
6560.0,377.4,379.6,6882.9400000000005,0.0630136986301369,C
6565.0,373.0,375.3,6882.9400000000005,0.0630136986301369,C
6570.0,368.7,371.0,6882.9400000000005,0.0630136986301369,C
6575.0,364.2,366.5,6882.9400000000005,0.0630136986301369,C
6580.0,360.0,362.1,6882.9400000000005,0.0630136986301369,C
6585.0,355.6,357.8,6882.9400000000005,0.0630136986301369,C
6590.0,351.2,353.5,6882.9400000000005,0.0630136986301369,C
6595.0,347.0,349.1,6882.9400000000005,0.0630136986301369,C
6600.0,342.8,344.6,6882.9400000000005,0.0630136986301369,C
6605.0,338.4,340.5,6882.9400000000005,0.0630136986301369,C
6610.0,334.1,336.2,6882.9400000000005,0.0630136986301369,C
6615.0,329.9,331.9,6882.9400000000005,0.0630136986301369,C
6620.0,325.6,327.8,6882.9400000000005,0.0630136986301369,C
6625.0,321.3,323.4,6882.9400000000005,0.0630136986301369,C
6630.0,317.1,319.1,6882.9400000000005,0.0630136986301369,C
6635.0,312.9,314.9,6882.9400000000005,0.0630136986301369,C
6640.0,308.7,310.8,6882.9400000000005,0.0630136986301369,C
6645.0,304.5,306.5,6882.9400000000005,0.0630136986301369,C
6650.0,300.4,302.1,6882.9400000000005,0.0630136986301369,C
6655.0,296.1,298.2,6882.9400000000005,0.0630136986301369,C
6660.0,291.9,294.0,6882.9400000000005,0.0630136986301369,C
6665.0,287.8,289.7,6882.9400000000005,0.0630136986301369,C
6670.0,283.6,285.7,6882.9400000000005,0.0630136986301369,C
6675.0,279.4,281.3,6882.9400000000005,0.0630136986301369,C
6680.0,275.3,277.1,6882.9400000000005,0.0630136986301369,C
6685.0,271.3,273.2,6882.9400000000005,0.0630136986301369,C
6690.0,267.1,268.9,6882.9400000000005,0.0630136986301369,C
6695.0,263.1,265.0,6882.9400000000005,0.0630136986301369,C
6700.0,259.3,260.7,6882.9400000000005,0.0630136986301369,C
6705.0,254.9,256.9,6882.9400000000005,0.0630136986301369,C
6710.0,250.9,252.6,6882.9400000000005,0.0630136986301369,C
6715.0,247.0,248.8,6882.9400000000005,0.0630136986301369,C
6720.0,243.0,244.6,6882.9400000000005,0.0630136986301369,C
6725.0,238.9,240.6,6882.9400000000005,0.0630136986301369,C
6730.0,234.9,236.7,6882.9400000000005,0.0630136986301369,C
6735.0,231.1,232.8,6882.9400000000005,0.0630136986301369,C
6740.0,227.0,228.8,6882.9400000000005,0.0630136986301369,C
6745.0,223.2,225.1,6882.9400000000005,0.0630136986301369,C
6750.0,219.5,220.8,6882.9400000000005,0.0630136986301369,C
6755.0,215.4,217.1,6882.9400000000005,0.0630136986301369,C
6760.0,211.5,213.1,6882.9400000000005,0.0630136986301369,C
6765.0,207.7,209.4,6882.9400000000005,0.0630136986301369,C
6770.0,203.8,205.4,6882.9400000000005,0.0630136986301369,C
6775.0,200.0,201.5,6882.9400000000005,0.0630136986301369,C
6780.0,196.2,197.9,6882.9400000000005,0.0630136986301369,C
6785.0,192.4,194.3,6882.9400000000005,0.0630136986301369,C
6790.0,189.0,189.9,6882.9400000000005,0.0630136986301369,C
6795.0,185.1,186.1,6882.9400000000005,0.0630136986301369,C
6800.0,181.4,182.4,6882.9400000000005,0.0630136986301369,C
6805.0,177.7,178.7,6882.9400000000005,0.0630136986301369,C
6810.0,174.0,175.0,6882.9400000000005,0.0630136986301369,C
6815.0,170.4,171.4,6882.9400000000005,0.0630136986301369,C
6820.0,166.7,167.7,6882.9400000000005,0.0630136986301369,C
6825.0,163.2,164.3,6882.9400000000005,0.0630136986301369,C
6830.0,159.6,160.7,6882.9400000000005,0.0630136986301369,C
6835.0,156.0,157.1,6882.9400000000005,0.0630136986301369,C
6840.0,152.5,153.6,6882.9400000000005,0.0630136986301369,C
6845.0,148.9,150.1,6882.9400000000005,0.0630136986301369,C
6850.0,145.4,146.4,6882.9400000000005,0.0630136986301369,C
6855.0,142.0,143.1,6882.9400000000005,0.0630136986301369,C
6860.0,138.5,139.5,6882.9400000000005,0.0630136986301369,C
6865.0,135.1,136.3,6882.9400000000005,0.0630136986301369,C
6870.0,131.7,132.9,6882.9400000000005,0.0630136986301369,C
6875.0,128.5,129.3,6882.9400000000005,0.0630136986301369,C
6880.0,125.2,126.0,6882.9400000000005,0.0630136986301369,C
6885.0,122.0,122.7,6882.9400000000005,0.0630136986301369,C
6890.0,118.7,119.5,6882.9400000000005,0.0630136986301369,C
6895.0,115.5,116.2,6882.9400000000005,0.0630136986301369,C
6900.0,112.3,113.0,6882.9400000000005,0.0630136986301369,C
6905.0,109.1,109.8,6882.9400000000005,0.0630136986301369,C
6910.0,105.9,106.7,6882.9400000000005,0.0630136986301369,C
6915.0,102.8,103.6,6882.9400000000005,0.0630136986301369,C
6920.0,99.7,100.5,6882.9400000000005,0.0630136986301369,C
6925.0,96.7,97.5,6882.9400000000005,0.0630136986301369,C
6930.0,93.7,94.5,6882.9400000000005,0.0630136986301369,C
6935.0,90.7,91.6,6882.9400000000005,0.0630136986301369,C
6940.0,87.8,88.6,6882.9400000000005,0.0630136986301369,C
6945.0,85.0,85.8,6882.9400000000005,0.0630136986301369,C
6950.0,82.1,82.9,6882.9400000000005,0.0630136986301369,C
6955.0,79.3,80.1,6882.9400000000005,0.0630136986301369,C
6960.0,76.6,77.4,6882.9400000000005,0.0630136986301369,C
6965.0,73.9,74.7,6882.9400000000005,0.0630136986301369,C
6970.0,71.2,71.9,6882.9400000000005,0.0630136986301369,C
6975.0,68.6,69.3,6882.9400000000005,0.0630136986301369,C
6980.0,66.0,66.7,6882.9400000000005,0.0630136986301369,C
6985.0,63.5,64.3,6882.9400000000005,0.0630136986301369,C
6990.0,61.1,61.7,6882.9400000000005,0.0630136986301369,C
6995.0,58.6,59.4,6882.9400000000005,0.0630136986301369,C
7000.0,56.3,57.0,6882.9400000000005,0.0630136986301369,C
7005.0,54.0,54.7,6882.9400000000005,0.0630136986301369,C
7010.0,51.7,52.4,6882.9400000000005,0.0630136986301369,C
7015.0,49.5,50.1,6882.9400000000005,0.0630136986301369,C
7020.0,47.3,48.0,6882.9400000000005,0.0630136986301369,C
7025.0,45.2,45.9,6882.9400000000005,0.0630136986301369,C
7030.0,43.2,43.8,6882.9400000000005,0.0630136986301369,C
7035.0,41.2,41.8,6882.9400000000005,0.0630136986301369,C
7040.0,39.3,39.9,6882.9400000000005,0.0630136986301369,C
7045.0,37.4,38.0,6882.9400000000005,0.0630136986301369,C
7050.0,35.6,36.2,6882.9400000000005,0.0630136986301369,C
7055.0,33.8,34.5,6882.9400000000005,0.0630136986301369,C
7060.0,32.1,32.7,6882.9400000000005,0.0630136986301369,C
7065.0,30.5,31.1,6882.9400000000005,0.0630136986301369,C
7070.0,28.9,29.5,6882.9400000000005,0.0630136986301369,C
7075.0,27.4,27.9,6882.9400000000005,0.0630136986301369,C
7080.0,25.9,26.5,6882.9400000000005,0.0630136986301369,C
7085.0,24.5,25.1,6882.9400000000005,0.0630136986301369,C
7090.0,23.1,23.7,6882.9400000000005,0.0630136986301369,C
7095.0,21.8,22.4,6882.9400000000005,0.0630136986301369,C
7100.0,20.6,21.0,6882.9400000000005,0.0630136986301369,C
7105.0,19.4,19.9,6882.9400000000005,0.0630136986301369,C
7110.0,18.2,18.7,6882.9400000000005,0.0630136986301369,C
7115.0,17.1,17.7,6882.9400000000005,0.0630136986301369,C
7120.0,16.1,16.6,6882.9400000000005,0.0630136986301369,C
7125.0,15.1,15.6,6882.9400000000005,0.0630136986301369,C
7130.0,14.2,14.6,6882.9400000000005,0.0630136986301369,C
7135.0,13.3,13.7,6882.9400000000005,0.0630136986301369,C
7140.0,12.5,12.8,6882.9400000000005,0.0630136986301369,C
7145.0,11.7,12.1,6882.9400000000005,0.0630136986301369,C
7150.0,10.9,11.3,6882.9400000000005,0.0630136986301369,C
7155.0,10.2,10.6,6882.9400000000005,0.0630136986301369,C
7160.0,9.5,9.8,6882.9400000000005,0.0630136986301369,C
7165.0,8.9,9.2,6882.9400000000005,0.0630136986301369,C
7170.0,8.3,8.6,6882.9400000000005,0.0630136986301369,C
7175.0,7.8,8.0,6882.9400000000005,0.0630136986301369,C
7180.0,7.2,7.5,6882.9400000000005,0.0630136986301369,C
7185.0,6.8,7.0,6882.9400000000005,0.0630136986301369,C
7190.0,6.3,6.5,6882.9400000000005,0.0630136986301369,C
7195.0,5.9,6.1,6882.9400000000005,0.0630136986301369,C
7200.0,5.5,5.7,6882.9400000000005,0.0630136986301369,C
7205.0,5.1,5.4,6882.9400000000005,0.0630136986301369,C
7210.0,4.8,5.0,6882.9400000000005,0.0630136986301369,C
7215.0,4.4,4.7,6882.9400000000005,0.0630136986301369,C
7220.0,4.1,4.4,6882.9400000000005,0.0630136986301369,C
7225.0,3.9,4.1,6882.9400000000005,0.0630136986301369,C
7230.0,3.6,3.8,6882.9400000000005,0.0630136986301369,C
7240.0,3.1,3.4,6882.9400000000005,0.0630136986301369,C
7250.0,2.8,2.95,6882.9400000000005,0.0630136986301369,C
7260.0,2.45,2.6,6882.9400000000005,0.0630136986301369,C
7270.0,2.15,2.35,6882.9400000000005,0.0630136986301369,C
7275.0,2.05,2.2,6882.9400000000005,0.0630136986301369,C
7280.0,1.9,2.1,6882.9400000000005,0.0630136986301369,C
7290.0,1.7,1.9,6882.9400000000005,0.0630136986301369,C
7300.0,1.5,1.65,6882.9400000000005,0.0630136986301369,C
7310.0,1.35,1.55,6882.9400000000005,0.0630136986301369,C
7320.0,1.2,1.4,6882.9400000000005,0.0630136986301369,C
7325.0,1.15,1.35,6882.9400000000005,0.0630136986301369,C
7330.0,1.1,1.25,6882.9400000000005,0.0630136986301369,C
7340.0,1.0,1.15,6882.9400000000005,0.0630136986301369,C
7350.0,0.9,1.05,6882.9400000000005,0.0630136986301369,C
7360.0,0.8,1.0,6882.9400000000005,0.0630136986301369,C
7370.0,0.75,0.9,6882.9400000000005,0.0630136986301369,C
7375.0,0.7,0.85,6882.9400000000005,0.0630136986301369,C
7380.0,0.7,0.85,6882.9400000000005,0.0630136986301369,C
7390.0,0.65,0.8,6882.9400000000005,0.0630136986301369,C
7400.0,0.5,0.75,6882.9400000000005,0.0630136986301369,C
7410.0,0.5,0.7,6882.9400000000005,0.0630136986301369,C
7420.0,0.45,0.65,6882.9400000000005,0.0630136986301369,C
7425.0,0.4,0.65,6882.9400000000005,0.0630136986301369,C
7430.0,0.4,0.65,6882.9400000000005,0.0630136986301369,C
7440.0,0.35,0.6,6882.9400000000005,0.0630136986301369,C
7450.0,0.35,0.55,6882.9400000000005,0.0630136986301369,C
7460.0,0.3,0.55,6882.9400000000005,0.0630136986301369,C
7470.0,0.3,0.5,6882.9400000000005,0.0630136986301369,C
7475.0,0.3,0.5,6882.9400000000005,0.0630136986301369,C
7480.0,0.25,0.5,6882.9400000000005,0.0630136986301369,C
7490.0,0.25,0.45,6882.9400000000005,0.0630136986301369,C
7500.0,0.25,0.45,6882.9400000000005,0.0630136986301369,C
7510.0,0.2,0.35,6882.9400000000005,0.0630136986301369,C
7520.0,0.2,0.4,6882.9400000000005,0.0630136986301369,C
7525.0,0.2,0.4,6882.9400000000005,0.0630136986301369,C
7530.0,0.2,0.4,6882.9400000000005,0.0630136986301369,C
7540.0,0.15,0.3,6882.9400000000005,0.0630136986301369,C
7550.0,0.2,0.35,6882.9400000000005,0.0630136986301369,C
7560.0,0.15,0.35,6882.9400000000005,0.0630136986301369,C
7570.0,0.15,0.35,6882.9400000000005,0.0630136986301369,C
7575.0,0.15,0.35,6882.9400000000005,0.0630136986301369,C
7600.0,0.15,0.3,6882.9400000000005,0.0630136986301369,C
7625.0,0.05,0.3,6882.9400000000005,0.0630136986301369,C
7650.0,0.05,0.3,6882.9400000000005,0.0630136986301369,C
7675.0,0.05,0.3,6882.9400000000005,0.0630136986301369,C
7700.0,0.05,0.25,6882.9400000000005,0.0630136986301369,C
7725.0,0.05,0.25,6882.9400000000005,0.0630136986301369,C
7750.0,0.05,0.25,6882.9400000000005,0.0630136986301369,C
7775.0,0.05,0.25,6882.9400000000005,0.0630136986301369,C
7800.0,0.05,0.25,6882.9400000000005,0.0630136986301369,C
7825.0,0.05,0.25,6882.9400000000005,0.0630136986301369,C
7850.0,0.05,0.2,6882.9400000000005,0.0630136986301369,C
7875.0,0.0,0.15,6882.9400000000005,0.0630136986301369,C
7900.0,0.0,0.15,6882.9400000000005,0.0630136986301369,C
7950.0,0.0,0.1,6882.9400000000005,0.0630136986301369,C
8000.0,0.0,0.1,6882.9400000000005,0.0630136986301369,C
8100.0,0.0,0.05,6882.9400000000005,0.0630136986301369,C
8200.0,0.0,0.2,6882.9400000000005,0.0630136986301369,C
8300.0,0.0,0.2,6882.9400000000005,0.0630136986301369,C
8400.0,0.0,0.15,6882.9400000000005,0.0630136986301369,C
8500.0,0.0,0.15,6882.9400000000005,0.0630136986301369,C
8600.0,0.0,0.15,6882.9400000000005,0.0630136986301369,C
8800.0,0.0,0.15,6882.9400000000005,0.0630136986301369,C
9000.0,0.0,0.15,6882.9400000000005,0.0630136986301369,C
9200.0,0.0,0.15,6882.9400000000005,0.0630136986301369,C
9400.0,0.0,0.15,6882.9400000000005,0.0630136986301369,C
9600.0,0.0,0.15,6882.9400000000005,0.0630136986301369,C
9800.0,0.0,0.05,6882.9400000000005,0.0630136986301369,C
10000.0,0.0,0.1,6882.9400000000005,0.0630136986301369,C
10200.0,0.0,0.1,6882.9400000000005,0.0630136986301369,C
10400.0,0.0,0.1,6882.9400000000005,0.0630136986301369,C
10800.0,0.0,0.1,6882.9400000000005,0.0630136986301369,C
11000.0,0.0,0.1,6882.9400000000005,0.0630136986301369,C
11200.0,0.0,0.1,6882.9400000000005,0.0630136986301369,C
11400.0,0.0,0.1,6882.9400000000005,0.0630136986301369,C
11600.0,0.0,0.1,6882.9400000000005,0.0630136986301369,C
11800.0,0.0,0.1,6882.9400000000005,0.0630136986301369,C
11900.0,0.0,0.1,6882.9400000000005,0.0630136986301369,C
12000.0,0.0,0.05,6882.9400000000005,0.0630136986301369,C
12400.0,0.0,0.1,6882.9400000000005,0.0630136986301369,C
200.0,6668.7,6688.5,6882.9400000000005,0.1397260273972602,C
400.0,6469.9,6489.7,6882.9400000000005,0.1397260273972602,C
600.0,6271.8,6290.9,6882.9400000000005,0.1397260273972602,C
800.0,6073.0,6092.1,6882.9400000000005,0.1397260273972602,C
1000.0,5874.2,5893.3,6882.9400000000005,0.1397260273972602,C
1200.0,5676.6,5694.5,6882.9400000000005,0.1397260273972602,C
1400.0,5475.9,5495.7,6882.9400000000005,0.1397260273972602,C
1600.0,5277.1,5296.9,6882.9400000000005,0.1397260273972602,C
1800.0,5078.3,5098.1,6882.9400000000005,0.1397260273972602,C
2000.0,4881.7,4898.9,6882.9400000000005,0.1397260273972602,C
2200.0,4682.4,4700.6,6882.9400000000005,0.1397260273972602,C
2300.0,4582.0,4601.2,6882.9400000000005,0.1397260273972602,C
2400.0,4482.1,4501.9,6882.9400000000005,0.1397260273972602,C
2500.0,4384.8,4402.5,6882.9400000000005,0.1397260273972602,C
2600.0,4283.4,4303.1,6882.9400000000005,0.1397260273972602,C
2700.0,4184.0,4203.3,6882.9400000000005,0.1397260273972602,C
2800.0,4084.7,4104.4,6882.9400000000005,0.1397260273972602,C
2900.0,3985.3,4004.6,6882.9400000000005,0.1397260273972602,C
3000.0,3886.0,3905.7,6882.9400000000005,0.1397260273972602,C
3100.0,3787.2,3806.4,6882.9400000000005,0.1397260273972602,C
3200.0,3688.0,3707.1,6882.9400000000005,0.1397260273972602,C
3300.0,3588.7,3607.8,6882.9400000000005,0.1397260273972602,C
3400.0,3488.7,3508.5,6882.9400000000005,0.1397260273972602,C
3450.0,3439.6,3458.3,6882.9400000000005,0.1397260273972602,C
3500.0,3391.3,3409.2,6882.9400000000005,0.1397260273972602,C
3550.0,3339.9,3359.6,6882.9400000000005,0.1397260273972602,C
3600.0,3290.2,3309.9,6882.9400000000005,0.1397260273972602,C
3650.0,3240.6,3260.3,6882.9400000000005,0.1397260273972602,C
3700.0,3191.6,3210.7,6882.9400000000005,0.1397260273972602,C
3750.0,3141.9,3161.1,6882.9400000000005,0.1397260273972602,C
3800.0,3092.3,3111.5,6882.9400000000005,0.1397260273972602,C
3850.0,3042.7,3061.9,6882.9400000000005,0.1397260273972602,C
3900.0,2993.2,3012.3,6882.9400000000005,0.1397260273972602,C
3950.0,2947.9,2958.7,6882.9400000000005,0.1397260273972602,C
3975.0,2923.2,2933.8,6882.9400000000005,0.1397260273972602,C
4000.0,2898.7,2909.4,6882.9400000000005,0.1397260273972602,C
4025.0,2873.6,2884.1,6882.9400000000005,0.1397260273972602,C
4050.0,2848.9,2859.3,6882.9400000000005,0.1397260273972602,C
4075.0,2824.0,2834.5,6882.9400000000005,0.1397260273972602,C
4100.0,2799.3,2809.7,6882.9400000000005,0.1397260273972602,C
4125.0,2774.6,2785.0,6882.9400000000005,0.1397260273972602,C
4150.0,2749.3,2760.1,6882.9400000000005,0.1397260273972602,C
4175.0,2724.6,2735.3,6882.9400000000005,0.1397260273972602,C
4200.0,2699.9,2710.2,6882.9400000000005,0.1397260273972602,C
4225.0,2675.4,2685.7,6882.9400000000005,0.1397260273972602,C
4250.0,2650.9,2660.4,6882.9400000000005,0.1397260273972602,C
4275.0,2626.1,2636.1,6882.9400000000005,0.1397260273972602,C
4300.0,2600.9,2611.0,6882.9400000000005,0.1397260273972602,C
4325.0,2576.1,2586.0,6882.9400000000005,0.1397260273972602,C
4350.0,2551.7,2561.2,6882.9400000000005,0.1397260273972602,C
4375.0,2527.1,2536.5,6882.9400000000005,0.1397260273972602,C
4400.0,2502.4,2512.0,6882.9400000000005,0.1397260273972602,C
4425.0,2477.6,2487.9,6882.9400000000005,0.1397260273972602,C
4450.0,2452.8,2462.5,6882.9400000000005,0.1397260273972602,C
4475.0,2428.1,2437.8,6882.9400000000005,0.1397260273972602,C
4500.0,2403.3,2413.6,6882.9400000000005,0.1397260273972602,C
4525.0,2378.6,2388.2,6882.9400000000005,0.1397260273972602,C
4550.0,2353.9,2364.0,6882.9400000000005,0.1397260273972602,C
4575.0,2329.2,2338.7,6882.9400000000005,0.1397260273972602,C
4600.0,2304.4,2313.8,6882.9400000000005,0.1397260273972602,C
4625.0,2279.8,2289.2,6882.9400000000005,0.1397260273972602,C
4650.0,2255.0,2264.3,6882.9400000000005,0.1397260273972602,C
4675.0,2230.3,2239.6,6882.9400000000005,0.1397260273972602,C
4700.0,2205.6,2214.8,6882.9400000000005,0.1397260273972602,C
4725.0,2180.9,2190.1,6882.9400000000005,0.1397260273972602,C
4750.0,2156.2,2165.4,6882.9400000000005,0.1397260273972602,C
4775.0,2131.6,2140.7,6882.9400000000005,0.1397260273972602,C
4800.0,2106.8,2115.9,6882.9400000000005,0.1397260273972602,C
4825.0,2082.3,2091.2,6882.9400000000005,0.1397260273972602,C
4850.0,2057.5,2066.5,6882.9400000000005,0.1397260273972602,C
4875.0,2032.9,2041.8,6882.9400000000005,0.1397260273972602,C
4900.0,2008.2,2017.1,6882.9400000000005,0.1397260273972602,C
4925.0,1986.4,1990.2,6882.9400000000005,0.1397260273972602,C
4950.0,1962.0,1965.1,6882.9400000000005,0.1397260273972602,C
4975.0,1937.1,1940.9,6882.9400000000005,0.1397260273972602,C
5000.0,1912.7,1915.8,6882.9400000000005,0.1397260273972602,C
5025.0,1887.7,1891.5,6882.9400000000005,0.1397260273972602,C
5050.0,1863.4,1866.6,6882.9400000000005,0.1397260273972602,C
5075.0,1838.5,1842.2,6882.9400000000005,0.1397260273972602,C
5100.0,1814.2,1817.2,6882.9400000000005,0.1397260273972602,C
5125.0,1789.2,1792.9,6882.9400000000005,0.1397260273972602,C
5150.0,1764.9,1767.9,6882.9400000000005,0.1397260273972602,C
5175.0,1740.0,1743.7,6882.9400000000005,0.1397260273972602,C
5200.0,1715.7,1718.8,6882.9400000000005,0.1397260273972602,C
5225.0,1690.8,1694.4,6882.9400000000005,0.1397260273972602,C
5250.0,1666.5,1669.4,6882.9400000000005,0.1397260273972602,C
5275.0,1641.6,1645.3,6882.9400000000005,0.1397260273972602,C
5300.0,1617.3,1620.3,6882.9400000000005,0.1397260273972602,C
5325.0,1592.6,1596.1,6882.9400000000005,0.1397260273972602,C
5350.0,1568.3,1571.2,6882.9400000000005,0.1397260273972602,C
5375.0,1543.4,1547.1,6882.9400000000005,0.1397260273972602,C
5400.0,1519.2,1522.1,6882.9400000000005,0.1397260273972602,C
5425.0,1494.4,1498.0,6882.9400000000005,0.1397260273972602,C
5450.0,1470.2,1473.1,6882.9400000000005,0.1397260273972602,C
5475.0,1445.4,1449.0,6882.9400000000005,0.1397260273972602,C
5500.0,1421.3,1424.2,6882.9400000000005,0.1397260273972602,C
5525.0,1396.6,1400.1,6882.9400000000005,0.1397260273972602,C
5550.0,1372.5,1375.4,6882.9400000000005,0.1397260273972602,C
5575.0,1347.8,1351.3,6882.9400000000005,0.1397260273972602,C
5600.0,1323.7,1326.5,6882.9400000000005,0.1397260273972602,C
5625.0,1299.1,1302.3,6882.9400000000005,0.1397260273972602,C
5630.0,1294.4,1297.4,6882.9400000000005,0.1397260273972602,C
5640.0,1284.6,1287.7,6882.9400000000005,0.1397260273972602,C
5650.0,1275.1,1277.6,6882.9400000000005,0.1397260273972602,C
5660.0,1265.2,1268.2,6882.9400000000005,0.1397260273972602,C
5670.0,1255.5,1258.5,6882.9400000000005,0.1397260273972602,C
5675.0,1250.5,1253.7,6882.9400000000005,0.1397260273972602,C
5680.0,1245.8,1248.8,6882.9400000000005,0.1397260273972602,C
5690.0,1236.1,1239.1,6882.9400000000005,0.1397260273972602,C
5700.0,1226.5,1229.1,6882.9400000000005,0.1397260273972602,C
5710.0,1216.7,1219.7,6882.9400000000005,0.1397260273972602,C
5720.0,1207.0,1210.0,6882.9400000000005,0.1397260273972602,C
5725.0,1202.0,1205.2,6882.9400000000005,0.1397260273972602,C
5730.0,1197.2,1200.3,6882.9400000000005,0.1397260273972602,C
5740.0,1187.6,1190.6,6882.9400000000005,0.1397260273972602,C
5750.0,1178.1,1180.6,6882.9400000000005,0.1397260273972602,C
5760.0,1168.3,1171.4,6882.9400000000005,0.1397260273972602,C
5770.0,1158.6,1161.6,6882.9400000000005,0.1397260273972602,C
5775.0,1153.7,1156.8,6882.9400000000005,0.1397260273972602,C
5780.0,1149.0,1152.0,6882.9400000000005,0.1397260273972602,C
5790.0,1139.3,1142.4,6882.9400000000005,0.1397260273972602,C
5800.0,1129.8,1132.3,6882.9400000000005,0.1397260273972602,C
5810.0,1119.9,1123.1,6882.9400000000005,0.1397260273972602,C
5820.0,1110.4,1113.3,6882.9400000000005,0.1397260273972602,C
5825.0,1105.5,1108.5,6882.9400000000005,0.1397260273972602,C
5830.0,1100.8,1103.7,6882.9400000000005,0.1397260273972602,C
5840.0,1091.2,1094.2,6882.9400000000005,0.1397260273972602,C
5850.0,1081.7,1084.1,6882.9400000000005,0.1397260273972602,C
5860.0,1072.0,1074.9,6882.9400000000005,0.1397260273972602,C
5870.0,1062.2,1065.3,6882.9400000000005,0.1397260273972602,C
5875.0,1057.4,1060.5,6882.9400000000005,0.1397260273972602,C
5880.0,1052.6,1055.7,6882.9400000000005,0.1397260273972602,C
5890.0,1043.2,1046.1,6882.9400000000005,0.1397260273972602,C
5900.0,1033.7,1036.2,6882.9400000000005,0.1397260273972602,C
5910.0,1024.0,1026.9,6882.9400000000005,0.1397260273972602,C
5920.0,1014.5,1017.3,6882.9400000000005,0.1397260273972602,C
5925.0,1009.6,1012.6,6882.9400000000005,0.1397260273972602,C
5930.0,1004.9,1007.8,6882.9400000000005,0.1397260273972602,C
5940.0,995.4,998.2,6882.9400000000005,0.1397260273972602,C
5950.0,986.0,988.4,6882.9400000000005,0.1397260273972602,C
5960.0,976.3,979.2,6882.9400000000005,0.1397260273972602,C
5970.0,966.8,969.6,6882.9400000000005,0.1397260273972602,C
5975.0,962.1,964.9,6882.9400000000005,0.1397260273972602,C
5980.0,957.2,960.2,6882.9400000000005,0.1397260273972602,C
5990.0,947.8,950.6,6882.9400000000005,0.1397260273972602,C
6000.0,938.5,940.8,6882.9400000000005,0.1397260273972602,C
6010.0,928.7,931.7,6882.9400000000005,0.1397260273972602,C
6020.0,919.4,922.2,6882.9400000000005,0.1397260273972602,C
6025.0,914.5,917.5,6882.9400000000005,0.1397260273972602,C
6030.0,909.9,912.7,6882.9400000000005,0.1397260273972602,C
6040.0,900.4,903.3,6882.9400000000005,0.1397260273972602,C
6050.0,891.2,893.5,6882.9400000000005,0.1397260273972602,C
6060.0,881.5,884.4,6882.9400000000005,0.1397260273972602,C
6070.0,872.2,875.1,6882.9400000000005,0.1397260273972602,C
6075.0,867.4,870.3,6882.9400000000005,0.1397260273972602,C
6080.0,862.8,865.5,6882.9400000000005,0.1397260273972602,C
6090.0,853.4,856.1,6882.9400000000005,0.1397260273972602,C
6100.0,844.2,846.5,6882.9400000000005,0.1397260273972602,C
6110.0,834.7,837.4,6882.9400000000005,0.1397260273972602,C
6120.0,825.2,828.1,6882.9400000000005,0.1397260273972602,C
6125.0,820.6,823.4,6882.9400000000005,0.1397260273972602,C
6130.0,816.0,818.7,6882.9400000000005,0.1397260273972602,C
6140.0,806.7,809.3,6882.9400000000005,0.1397260273972602,C
6150.0,797.5,799.7,6882.9400000000005,0.1397260273972602,C
6160.0,788.1,790.7,6882.9400000000005,0.1397260273972602,C
6170.0,778.8,781.4,6882.9400000000005,0.1397260273972602,C
6175.0,774.1,776.8,6882.9400000000005,0.1397260273972602,C
6180.0,769.4,772.2,6882.9400000000005,0.1397260273972602,C
6190.0,760.3,762.9,6882.9400000000005,0.1397260273972602,C
6200.0,751.2,753.3,6882.9400000000005,0.1397260273972602,C
6210.0,741.7,744.4,6882.9400000000005,0.1397260273972602,C
6220.0,732.5,735.2,6882.9400000000005,0.1397260273972602,C
6225.0,727.9,730.6,6882.9400000000005,0.1397260273972602,C
6230.0,723.3,726.0,6882.9400000000005,0.1397260273972602,C
6240.0,714.3,716.8,6882.9400000000005,0.1397260273972602,C
6250.0,705.3,707.3,6882.9400000000005,0.1397260273972602,C
6260.0,696.0,698.6,6882.9400000000005,0.1397260273972602,C
6270.0,686.8,689.3,6882.9400000000005,0.1397260273972602,C
6275.0,682.2,684.8,6882.9400000000005,0.1397260273972602,C
6280.0,677.8,680.2,6882.9400000000005,0.1397260273972602,C
6290.0,668.6,671.1,6882.9400000000005,0.1397260273972602,C
6300.0,659.8,661.8,6882.9400000000005,0.1397260273972602,C
6310.0,650.5,653.0,6882.9400000000005,0.1397260273972602,C
6315.0,646.0,648.5,6882.9400000000005,0.1397260273972602,C
6320.0,641.5,643.9,6882.9400000000005,0.1397260273972602,C
6325.0,637.0,639.4,6882.9400000000005,0.1397260273972602,C
6330.0,632.6,634.9,6882.9400000000005,0.1397260273972602,C
6335.0,628.1,630.4,6882.9400000000005,0.1397260273972602,C
6340.0,623.6,625.9,6882.9400000000005,0.1397260273972602,C
6345.0,619.1,621.4,6882.9400000000005,0.1397260273972602,C
6350.0,614.7,616.7,6882.9400000000005,0.1397260273972602,C
6355.0,610.2,612.4,6882.9400000000005,0.1397260273972602,C
6360.0,605.6,608.0,6882.9400000000005,0.1397260273972602,C
6365.0,601.1,603.5,6882.9400000000005,0.1397260273972602,C
6370.0,596.7,599.0,6882.9400000000005,0.1397260273972602,C
6375.0,592.2,594.6,6882.9400000000005,0.1397260273972602,C
6380.0,587.9,590.1,6882.9400000000005,0.1397260273972602,C
6385.0,583.3,585.8,6882.9400000000005,0.1397260273972602,C
6390.0,579.0,581.2,6882.9400000000005,0.1397260273972602,C
6395.0,574.6,576.8,6882.9400000000005,0.1397260273972602,C
6400.0,570.3,572.1,6882.9400000000005,0.1397260273972602,C
6405.0,565.6,567.9,6882.9400000000005,0.1397260273972602,C
6410.0,561.2,563.5,6882.9400000000005,0.1397260273972602,C
6415.0,556.8,559.1,6882.9400000000005,0.1397260273972602,C
6420.0,552.4,554.7,6882.9400000000005,0.1397260273972602,C
6425.0,548.0,550.3,6882.9400000000005,0.1397260273972602,C
6430.0,543.7,545.9,6882.9400000000005,0.1397260273972602,C
6435.0,539.2,541.5,6882.9400000000005,0.1397260273972602,C
6440.0,535.0,537.3,6882.9400000000005,0.1397260273972602,C
6445.0,530.5,532.8,6882.9400000000005,0.1397260273972602,C
6450.0,526.4,528.2,6882.9400000000005,0.1397260273972602,C
6455.0,521.9,524.2,6882.9400000000005,0.1397260273972602,C
6460.0,517.5,519.7,6882.9400000000005,0.1397260273972602,C
6465.0,513.1,515.4,6882.9400000000005,0.1397260273972602,C
6470.0,508.9,511.0,6882.9400000000005,0.1397260273972602,C
6475.0,504.5,506.7,6882.9400000000005,0.1397260273972602,C
6480.0,500.2,502.5,6882.9400000000005,0.1397260273972602,C
6485.0,495.8,498.0,6882.9400000000005,0.1397260273972602,C
6490.0,491.6,493.7,6882.9400000000005,0.1397260273972602,C
6495.0,487.2,489.4,6882.9400000000005,0.1397260273972602,C
6500.0,483.1,484.9,6882.9400000000005,0.1397260273972602,C
6505.0,478.7,480.8,6882.9400000000005,0.1397260273972602,C
6510.0,474.5,476.5,6882.9400000000005,0.1397260273972602,C
6515.0,470.1,472.3,6882.9400000000005,0.1397260273972602,C
6520.0,465.9,468.0,6882.9400000000005,0.1397260273972602,C
6525.0,461.6,463.8,6882.9400000000005,0.1397260273972602,C
6530.0,457.4,459.5,6882.9400000000005,0.1397260273972602,C
6535.0,453.1,455.3,6882.9400000000005,0.1397260273972602,C
6540.0,448.9,451.0,6882.9400000000005,0.1397260273972602,C
6545.0,444.8,446.8,6882.9400000000005,0.1397260273972602,C
6550.0,440.7,442.4,6882.9400000000005,0.1397260273972602,C
6555.0,436.3,438.5,6882.9400000000005,0.1397260273972602,C
6560.0,432.2,434.3,6882.9400000000005,0.1397260273972602,C
6565.0,428.0,430.1,6882.9400000000005,0.1397260273972602,C
6570.0,423.7,425.8,6882.9400000000005,0.1397260273972602,C
6575.0,419.5,421.6,6882.9400000000005,0.1397260273972602,C
6580.0,415.5,417.4,6882.9400000000005,0.1397260273972602,C
6585.0,411.2,413.3,6882.9400000000005,0.1397260273972602,C
6590.0,407.2,409.1,6882.9400000000005,0.1397260273972602,C
6595.0,403.0,405.0,6882.9400000000005,0.1397260273972602,C
6600.0,399.0,400.7,6882.9400000000005,0.1397260273972602,C
6605.0,395.0,396.3,6882.9400000000005,0.1397260273972602,C
6610.0,390.9,392.2,6882.9400000000005,0.1397260273972602,C
6615.0,386.8,388.1,6882.9400000000005,0.1397260273972602,C
6620.0,382.7,384.0,6882.9400000000005,0.1397260273972602,C
6625.0,378.6,379.9,6882.9400000000005,0.1397260273972602,C
6630.0,374.6,375.8,6882.9400000000005,0.1397260273972602,C
6635.0,370.5,371.8,6882.9400000000005,0.1397260273972602,C
6640.0,366.5,367.7,6882.9400000000005,0.1397260273972602,C
6645.0,362.4,363.7,6882.9400000000005,0.1397260273972602,C
6650.0,358.4,359.7,6882.9400000000005,0.1397260273972602,C
6655.0,354.4,355.6,6882.9400000000005,0.1397260273972602,C
6660.0,350.4,351.6,6882.9400000000005,0.1397260273972602,C
6665.0,346.4,347.6,6882.9400000000005,0.1397260273972602,C
6670.0,342.4,343.6,6882.9400000000005,0.1397260273972602,C
6675.0,338.4,339.7,6882.9400000000005,0.1397260273972602,C
6680.0,334.4,335.7,6882.9400000000005,0.1397260273972602,C
6685.0,330.5,331.8,6882.9400000000005,0.1397260273972602,C
6690.0,326.5,327.8,6882.9400000000005,0.1397260273972602,C
6695.0,322.6,323.9,6882.9400000000005,0.1397260273972602,C
6700.0,318.8,320.0,6882.9400000000005,0.1397260273972602,C
6705.0,314.8,316.1,6882.9400000000005,0.1397260273972602,C
6710.0,310.9,312.2,6882.9400000000005,0.1397260273972602,C
6715.0,307.0,308.3,6882.9400000000005,0.1397260273972602,C
6720.0,303.2,304.4,6882.9400000000005,0.1397260273972602,C
6725.0,299.3,300.6,6882.9400000000005,0.1397260273972602,C
6730.0,295.4,296.7,6882.9400000000005,0.1397260273972602,C
6735.0,291.7,292.9,6882.9400000000005,0.1397260273972602,C
6740.0,287.8,289.1,6882.9400000000005,0.1397260273972602,C
6745.0,284.0,285.3,6882.9400000000005,0.1397260273972602,C
6750.0,280.4,281.5,6882.9400000000005,0.1397260273972602,C
6755.0,276.4,277.7,6882.9400000000005,0.1397260273972602,C
6760.0,272.7,274.0,6882.9400000000005,0.1397260273972602,C
6765.0,269.1,270.2,6882.9400000000005,0.1397260273972602,C
6770.0,265.3,266.4,6882.9400000000005,0.1397260273972602,C
6775.0,261.6,262.7,6882.9400000000005,0.1397260273972602,C
6780.0,257.9,259.0,6882.9400000000005,0.1397260273972602,C
6785.0,254.2,255.3,6882.9400000000005,0.1397260273972602,C
6790.0,250.6,251.6,6882.9400000000005,0.1397260273972602,C
6795.0,246.9,248.0,6882.9400000000005,0.1397260273972602,C
6800.0,243.4,244.4,6882.9400000000005,0.1397260273972602,C
6805.0,239.7,240.7,6882.9400000000005,0.1397260273972602,C
6810.0,236.1,237.1,6882.9400000000005,0.1397260273972602,C
6815.0,232.5,233.5,6882.9400000000005,0.1397260273972602,C
6820.0,228.9,230.0,6882.9400000000005,0.1397260273972602,C
6825.0,225.4,226.4,6882.9400000000005,0.1397260273972602,C
6830.0,221.8,222.9,6882.9400000000005,0.1397260273972602,C
6835.0,218.3,219.4,6882.9400000000005,0.1397260273972602,C
6840.0,214.8,215.9,6882.9400000000005,0.1397260273972602,C
6845.0,211.4,212.4,6882.9400000000005,0.1397260273972602,C
6850.0,208.0,208.9,6882.9400000000005,0.1397260273972602,C
6855.0,204.5,205.5,6882.9400000000005,0.1397260273972602,C
6860.0,201.1,202.1,6882.9400000000005,0.1397260273972602,C
6865.0,197.7,198.7,6882.9400000000005,0.1397260273972602,C
6870.0,194.3,195.3,6882.9400000000005,0.1397260273972602,C
6875.0,191.0,191.9,6882.9400000000005,0.1397260273972602,C
6880.0,187.7,188.6,6882.9400000000005,0.1397260273972602,C
6885.0,184.3,185.3,6882.9400000000005,0.1397260273972602,C
6890.0,181.1,182.0,6882.9400000000005,0.1397260273972602,C
6895.0,177.8,178.7,6882.9400000000005,0.1397260273972602,C
6900.0,174.6,175.5,6882.9400000000005,0.1397260273972602,C
6905.0,171.4,172.3,6882.9400000000005,0.1397260273972602,C
6910.0,168.2,169.1,6882.9400000000005,0.1397260273972602,C
6915.0,164.8,166.1,6882.9400000000005,0.1397260273972602,C
6920.0,161.9,162.8,6882.9400000000005,0.1397260273972602,C
6925.0,158.7,159.6,6882.9400000000005,0.1397260273972602,C
6930.0,155.6,156.5,6882.9400000000005,0.1397260273972602,C
6935.0,152.5,153.6,6882.9400000000005,0.1397260273972602,C
6940.0,149.3,150.4,6882.9400000000005,0.1397260273972602,C
6945.0,146.3,147.4,6882.9400000000005,0.1397260273972602,C
6950.0,143.5,144.4,6882.9400000000005,0.1397260273972602,C
6955.0,140.4,141.5,6882.9400000000005,0.1397260273972602,C
6960.0,137.5,138.5,6882.9400000000005,0.1397260273972602,C
6965.0,134.6,135.7,6882.9400000000005,0.1397260273972602,C
6970.0,131.7,132.6,6882.9400000000005,0.1397260273972602,C
6975.0,128.9,129.8,6882.9400000000005,0.1397260273972602,C
6980.0,126.0,127.0,6882.9400000000005,0.1397260273972602,C
6985.0,123.2,124.2,6882.9400000000005,0.1397260273972602,C
6990.0,120.3,121.3,6882.9400000000005,0.1397260273972602,C
6995.0,117.7,118.7,6882.9400000000005,0.1397260273972602,C
7000.0,115.0,115.9,6882.9400000000005,0.1397260273972602,C
7005.0,112.3,113.3,6882.9400000000005,0.1397260273972602,C
7010.0,109.6,110.5,6882.9400000000005,0.1397260273972602,C
7015.0,107.0,108.0,6882.9400000000005,0.1397260273972602,C
7020.0,104.3,105.3,6882.9400000000005,0.1397260273972602,C
7025.0,101.9,102.8,6882.9400000000005,0.1397260273972602,C
7030.0,99.3,100.3,6882.9400000000005,0.1397260273972602,C
7035.0,96.9,98.0,6882.9400000000005,0.1397260273972602,C
7040.0,94.4,95.4,6882.9400000000005,0.1397260273972602,C
7045.0,92.0,93.1,6882.9400000000005,0.1397260273972602,C
7050.0,89.6,90.6,6882.9400000000005,0.1397260273972602,C
7055.0,87.3,88.3,6882.9400000000005,0.1397260273972602,C
7060.0,84.7,85.8,6882.9400000000005,0.1397260273972602,C
7065.0,82.7,83.7,6882.9400000000005,0.1397260273972602,C
7070.0,80.4,81.4,6882.9400000000005,0.1397260273972602,C
7075.0,78.2,79.1,6882.9400000000005,0.1397260273972602,C
7080.0,76.0,77.0,6882.9400000000005,0.1397260273972602,C
7085.0,73.9,74.9,6882.9400000000005,0.1397260273972602,C
7090.0,71.8,72.7,6882.9400000000005,0.1397260273972602,C
7095.0,69.7,70.7,6882.9400000000005,0.1397260273972602,C
7100.0,67.8,68.6,6882.9400000000005,0.1397260273972602,C
7105.0,65.7,66.7,6882.9400000000005,0.1397260273972602,C
7110.0,63.8,64.6,6882.9400000000005,0.1397260273972602,C
7115.0,61.9,62.7,6882.9400000000005,0.1397260273972602,C
7120.0,60.0,60.8,6882.9400000000005,0.1397260273972602,C
7125.0,58.1,59.0,6882.9400000000005,0.1397260273972602,C
7130.0,56.5,57.2,6882.9400000000005,0.1397260273972602,C
7135.0,54.6,55.4,6882.9400000000005,0.1397260273972602,C
7140.0,52.8,53.7,6882.9400000000005,0.1397260273972602,C
7145.0,51.2,52.1,6882.9400000000005,0.1397260273972602,C
7150.0,49.5,50.3,6882.9400000000005,0.1397260273972602,C
7155.0,47.9,48.8,6882.9400000000005,0.1397260273972602,C
7160.0,46.3,47.0,6882.9400000000005,0.1397260273972602,C
7170.0,43.3,44.1,6882.9400000000005,0.1397260273972602,C
7175.0,41.8,42.6,6882.9400000000005,0.1397260273972602,C
7180.0,40.4,41.1,6882.9400000000005,0.1397260273972602,C
7190.0,37.6,38.4,6882.9400000000005,0.1397260273972602,C
7200.0,35.0,35.7,6882.9400000000005,0.1397260273972602,C
7210.0,32.5,33.2,6882.9400000000005,0.1397260273972602,C
7220.0,30.2,31.0,6882.9400000000005,0.1397260273972602,C
7225.0,29.1,29.8,6882.9400000000005,0.1397260273972602,C
7230.0,28.0,28.7,6882.9400000000005,0.1397260273972602,C
7240.0,26.0,26.6,6882.9400000000005,0.1397260273972602,C
7250.0,24.0,24.6,6882.9400000000005,0.1397260273972602,C
7260.0,22.3,22.9,6882.9400000000005,0.1397260273972602,C
7270.0,20.6,21.1,6882.9400000000005,0.1397260273972602,C
7275.0,19.8,20.4,6882.9400000000005,0.1397260273972602,C
7280.0,19.0,19.6,6882.9400000000005,0.1397260273972602,C
7290.0,17.5,18.0,6882.9400000000005,0.1397260273972602,C
7300.0,16.2,16.6,6882.9400000000005,0.1397260273972602,C
7310.0,14.9,15.3,6882.9400000000005,0.1397260273972602,C
7320.0,13.7,14.2,6882.9400000000005,0.1397260273972602,C
7325.0,13.2,13.6,6882.9400000000005,0.1397260273972602,C
7330.0,12.6,13.1,6882.9400000000005,0.1397260273972602,C
7340.0,11.6,12.1,6882.9400000000005,0.1397260273972602,C
7350.0,10.7,11.1,6882.9400000000005,0.1397260273972602,C
7360.0,9.9,10.3,6882.9400000000005,0.1397260273972602,C
7370.0,9.1,9.5,6882.9400000000005,0.1397260273972602,C
7375.0,8.7,9.1,6882.9400000000005,0.1397260273972602,C
7380.0,8.4,8.8,6882.9400000000005,0.1397260273972602,C
7390.0,7.7,8.1,6882.9400000000005,0.1397260273972602,C
7400.0,7.1,7.5,6882.9400000000005,0.1397260273972602,C
7410.0,6.6,7.0,6882.9400000000005,0.1397260273972602,C
7420.0,6.1,6.4,6882.9400000000005,0.1397260273972602,C
7425.0,5.8,6.2,6882.9400000000005,0.1397260273972602,C
7430.0,5.6,5.9,6882.9400000000005,0.1397260273972602,C
7440.0,5.2,5.6,6882.9400000000005,0.1397260273972602,C
7450.0,4.8,5.1,6882.9400000000005,0.1397260273972602,C
7460.0,4.5,4.8,6882.9400000000005,0.1397260273972602,C
7470.0,4.1,4.5,6882.9400000000005,0.1397260273972602,C
7475.0,4.0,4.3,6882.9400000000005,0.1397260273972602,C
7480.0,3.8,4.2,6882.9400000000005,0.1397260273972602,C
7490.0,3.6,3.9,6882.9400000000005,0.1397260273972602,C
7500.0,3.3,3.6,6882.9400000000005,0.1397260273972602,C
7525.0,2.8,3.1,6882.9400000000005,0.1397260273972602,C
7550.0,2.4,2.6,6882.9400000000005,0.1397260273972602,C
7575.0,2.05,2.25,6882.9400000000005,0.1397260273972602,C
7600.0,1.75,1.95,6882.9400000000005,0.1397260273972602,C
7625.0,1.5,1.7,6882.9400000000005,0.1397260273972602,C
7650.0,1.3,1.5,6882.9400000000005,0.1397260273972602,C
7675.0,1.15,1.3,6882.9400000000005,0.1397260273972602,C
7700.0,1.0,1.15,6882.9400000000005,0.1397260273972602,C
7725.0,0.85,1.05,6882.9400000000005,0.1397260273972602,C
7750.0,0.75,0.95,6882.9400000000005,0.1397260273972602,C
7775.0,0.7,0.85,6882.9400000000005,0.1397260273972602,C
7800.0,0.6,0.8,6882.9400000000005,0.1397260273972602,C
7825.0,0.55,0.7,6882.9400000000005,0.1397260273972602,C
7850.0,0.5,0.65,6882.9400000000005,0.1397260273972602,C
7875.0,0.45,0.6,6882.9400000000005,0.1397260273972602,C
7900.0,0.35,0.55,6882.9400000000005,0.1397260273972602,C
7950.0,0.2,0.5,6882.9400000000005,0.1397260273972602,C
8000.0,0.2,0.4,6882.9400000000005,0.1397260273972602,C
8100.0,0.1,0.35,6882.9400000000005,0.1397260273972602,C
8200.0,0.05,0.35,6882.9400000000005,0.1397260273972602,C
8300.0,0.05,0.3,6882.9400000000005,0.1397260273972602,C
8400.0,0.0,0.25,6882.9400000000005,0.1397260273972602,C
8500.0,0.0,0.25,6882.9400000000005,0.1397260273972602,C
8600.0,0.0,0.25,6882.9400000000005,0.1397260273972602,C
8800.0,0.0,0.2,6882.9400000000005,0.1397260273972602,C
9000.0,0.05,0.2,6882.9400000000005,0.1397260273972602,C
9200.0,0.0,0.15,6882.9400000000005,0.1397260273972602,C
9400.0,0.0,0.15,6882.9400000000005,0.1397260273972602,C
9600.0,0.05,0.15,6882.9400000000005,0.1397260273972602,C
9800.0,0.0,0.15,6882.9400000000005,0.1397260273972602,C
10000.0,0.0,0.1,6882.9400000000005,0.1397260273972602,C
10400.0,0.0,0.1,6882.9400000000005,0.1397260273972602,C
10800.0,0.0,0.1,6882.9400000000005,0.1397260273972602,C
11200.0,0.0,0.1,6882.9400000000005,0.1397260273972602,C
11600.0,0.0,0.1,6882.9400000000005,0.1397260273972602,C
12000.0,0.0,0.1,6882.9400000000005,0.1397260273972602,C
12400.0,0.0,0.1,6882.9400000000005,0.1397260273972602,C
200.0,6667.4,6684.5,6882.9400000000005,0.2164383561643835,C
400.0,6466.8,6486.3,6882.9400000000005,0.2164383561643835,C
600.0,6270.4,6287.7,6882.9400000000005,0.2164383561643835,C
800.0,6072.2,6090.0,6882.9400000000005,0.2164383561643835,C
1000.0,5873.7,5891.8,6882.9400000000005,0.2164383561643835,C
1200.0,5675.7,5693.6,6882.9400000000005,0.2164383561643835,C
1400.0,5477.7,5495.5,6882.9400000000005,0.2164383561643835,C
1600.0,5279.6,5297.4,6882.9400000000005,0.2164383561643835,C
1800.0,5080.0,5100.7,6882.9400000000005,0.2164383561643835,C
2000.0,4884.0,4900.7,6882.9400000000005,0.2164383561643835,C
2200.0,4683.5,4703.1,6882.9400000000005,0.2164383561643835,C
2300.0,4586.0,4604.1,6882.9400000000005,0.2164383561643835,C
2400.0,4486.0,4505.1,6882.9400000000005,0.2164383561643835,C
2500.0,4390.2,4403.4,6882.9400000000005,0.2164383561643835,C
2600.0,4291.1,4304.4,6882.9400000000005,0.2164383561643835,C
2700.0,4192.2,4205.6,6882.9400000000005,0.2164383561643835,C
2800.0,4093.3,4106.6,6882.9400000000005,0.2164383561643835,C
2900.0,3994.8,4007.6,6882.9400000000005,0.2164383561643835,C
3000.0,3896.0,3908.6,6882.9400000000005,0.2164383561643835,C
3100.0,3797.2,3809.5,6882.9400000000005,0.2164383561643835,C
3200.0,3698.3,3710.5,6882.9400000000005,0.2164383561643835,C
3250.0,3649.0,3661.1,6882.9400000000005,0.2164383561643835,C
3300.0,3599.3,3611.3,6882.9400000000005,0.2164383561643835,C
3350.0,3550.2,3562.0,6882.9400000000005,0.2164383561643835,C
3400.0,3500.9,3512.6,6882.9400000000005,0.2164383561643835,C
3450.0,3451.2,3463.2,6882.9400000000005,0.2164383561643835,C
3500.0,3402.2,3413.7,6882.9400000000005,0.2164383561643835,C
3550.0,3352.8,3364.3,6882.9400000000005,0.2164383561643835,C
3600.0,3303.5,3315.0,6882.9400000000005,0.2164383561643835,C
3650.0,3254.3,3265.8,6882.9400000000005,0.2164383561643835,C
3700.0,3204.9,3216.1,6882.9400000000005,0.2164383561643835,C
3750.0,3155.6,3166.7,6882.9400000000005,0.2164383561643835,C
3775.0,3130.8,3142.1,6882.9400000000005,0.2164383561643835,C
3800.0,3106.4,3117.6,6882.9400000000005,0.2164383561643835,C
3825.0,3081.7,3092.7,6882.9400000000005,0.2164383561643835,C
3850.0,3056.9,3067.8,6882.9400000000005,0.2164383561643835,C
3875.0,3032.5,3043.3,6882.9400000000005,0.2164383561643835,C
3900.0,3008.1,3018.9,6882.9400000000005,0.2164383561643835,C
3925.0,2982.9,2993.8,6882.9400000000005,0.2164383561643835,C
3950.0,2958.6,2969.3,6882.9400000000005,0.2164383561643835,C
3975.0,2934.0,2944.6,6882.9400000000005,0.2164383561643835,C
4000.0,2909.2,2920.0,6882.9400000000005,0.2164383561643835,C
4025.0,2884.6,2895.2,6882.9400000000005,0.2164383561643835,C
4050.0,2860.4,2870.0,6882.9400000000005,0.2164383561643835,C
4075.0,2835.3,2846.0,6882.9400000000005,0.2164383561643835,C
4100.0,2810.9,2821.4,6882.9400000000005,0.2164383561643835,C
4125.0,2786.3,2796.7,6882.9400000000005,0.2164383561643835,C
4150.0,2761.4,2771.9,6882.9400000000005,0.2164383561643835,C
4175.0,2737.2,2747.0,6882.9400000000005,0.2164383561643835,C
4200.0,2711.9,2722.3,6882.9400000000005,0.2164383561643835,C
4225.0,2687.8,2698.2,6882.9400000000005,0.2164383561643835,C
4250.0,2663.2,2673.1,6882.9400000000005,0.2164383561643835,C
4275.0,2638.1,2648.4,6882.9400000000005,0.2164383561643835,C
4300.0,2613.5,2623.6,6882.9400000000005,0.2164383561643835,C
4325.0,2589.4,2599.5,6882.9400000000005,0.2164383561643835,C
4350.0,2564.9,2574.9,6882.9400000000005,0.2164383561643835,C
4375.0,2539.9,2549.8,6882.9400000000005,0.2164383561643835,C
4400.0,2515.3,2525.3,6882.9400000000005,0.2164383561643835,C
4425.0,2491.7,2500.5,6882.9400000000005,0.2164383561643835,C
4450.0,2467.1,2475.9,6882.9400000000005,0.2164383561643835,C
4475.0,2444.9,2449.0,6882.9400000000005,0.2164383561643835,C
4500.0,2420.7,2424.0,6882.9400000000005,0.2164383561643835,C
4525.0,2395.8,2399.9,6882.9400000000005,0.2164383561643835,C
4550.0,2371.6,2375.0,6882.9400000000005,0.2164383561643835,C
4575.0,2346.7,2350.7,6882.9400000000005,0.2164383561643835,C
4600.0,2322.5,2325.9,6882.9400000000005,0.2164383561643835,C
4625.0,2297.6,2301.7,6882.9400000000005,0.2164383561643835,C
4650.0,2273.4,2276.7,6882.9400000000005,0.2164383561643835,C
4675.0,2248.6,2252.6,6882.9400000000005,0.2164383561643835,C
4700.0,2224.4,2227.6,6882.9400000000005,0.2164383561643835,C
4725.0,2199.5,2203.5,6882.9400000000005,0.2164383561643835,C
4750.0,2175.4,2178.5,6882.9400000000005,0.2164383561643835,C
4775.0,2150.5,2154.5,6882.9400000000005,0.2164383561643835,C
4800.0,2126.3,2129.5,6882.9400000000005,0.2164383561643835,C
4825.0,2101.5,2105.4,6882.9400000000005,0.2164383561643835,C
4850.0,2077.4,2080.5,6882.9400000000005,0.2164383561643835,C
4875.0,2052.6,2056.5,6882.9400000000005,0.2164383561643835,C
4900.0,2028.5,2031.6,6882.9400000000005,0.2164383561643835,C
4925.0,2003.8,2007.5,6882.9400000000005,0.2164383561643835,C
4950.0,1979.5,1982.6,6882.9400000000005,0.2164383561643835,C
4975.0,1954.8,1958.6,6882.9400000000005,0.2164383561643835,C
5000.0,1930.7,1933.8,6882.9400000000005,0.2164383561643835,C
5025.0,1905.9,1909.7,6882.9400000000005,0.2164383561643835,C
5050.0,1881.9,1884.9,6882.9400000000005,0.2164383561643835,C
5075.0,1857.3,1860.9,6882.9400000000005,0.2164383561643835,C
5100.0,1833.1,1836.1,6882.9400000000005,0.2164383561643835,C
5125.0,1808.4,1812.1,6882.9400000000005,0.2164383561643835,C
5150.0,1784.4,1787.3,6882.9400000000005,0.2164383561643835,C
5175.0,1759.7,1763.4,6882.9400000000005,0.2164383561643835,C
5200.0,1735.8,1738.8,6882.9400000000005,0.2164383561643835,C
5225.0,1711.1,1714.8,6882.9400000000005,0.2164383561643835,C
5250.0,1687.2,1690.2,6882.9400000000005,0.2164383561643835,C
5275.0,1662.5,1666.2,6882.9400000000005,0.2164383561643835,C
5300.0,1638.5,1641.6,6882.9400000000005,0.2164383561643835,C
5325.0,1614.0,1617.6,6882.9400000000005,0.2164383561643835,C
5350.0,1590.1,1593.0,6882.9400000000005,0.2164383561643835,C
5375.0,1565.6,1569.2,6882.9400000000005,0.2164383561643835,C
5400.0,1541.8,1544.6,6882.9400000000005,0.2164383561643835,C
5425.0,1517.3,1520.9,6882.9400000000005,0.2164383561643835,C
5450.0,1493.5,1496.3,6882.9400000000005,0.2164383561643835,C
5475.0,1469.1,1472.6,6882.9400000000005,0.2164383561643835,C
5500.0,1445.3,1448.1,6882.9400000000005,0.2164383561643835,C
5525.0,1421.0,1424.5,6882.9400000000005,0.2164383561643835,C
5550.0,1397.3,1400.1,6882.9400000000005,0.2164383561643835,C
5575.0,1373.2,1376.4,6882.9400000000005,0.2164383561643835,C
5600.0,1349.4,1352.1,6882.9400000000005,0.2164383561643835,C
5625.0,1325.2,1328.5,6882.9400000000005,0.2164383561643835,C
5650.0,1301.6,1304.3,6882.9400000000005,0.2164383561643835,C
5675.0,1277.5,1280.8,6882.9400000000005,0.2164383561643835,C
5700.0,1254.0,1256.6,6882.9400000000005,0.2164383561643835,C
5725.0,1230.0,1233.2,6882.9400000000005,0.2164383561643835,C
5750.0,1206.6,1209.2,6882.9400000000005,0.2164383561643835,C
5760.0,1196.8,1200.0,6882.9400000000005,0.2164383561643835,C
5770.0,1187.4,1190.5,6882.9400000000005,0.2164383561643835,C
5775.0,1182.6,1185.8,6882.9400000000005,0.2164383561643835,C
5780.0,1178.0,1181.0,6882.9400000000005,0.2164383561643835,C
5790.0,1168.5,1171.6,6882.9400000000005,0.2164383561643835,C
5800.0,1159.2,1161.8,6882.9400000000005,0.2164383561643835,C
5810.0,1149.5,1152.7,6882.9400000000005,0.2164383561643835,C
5820.0,1140.1,1143.3,6882.9400000000005,0.2164383561643835,C
5825.0,1135.4,1138.6,6882.9400000000005,0.2164383561643835,C
5830.0,1130.7,1133.9,6882.9400000000005,0.2164383561643835,C
5840.0,1121.3,1124.5,6882.9400000000005,0.2164383561643835,C
5850.0,1112.2,1114.7,6882.9400000000005,0.2164383561643835,C
5860.0,1102.5,1105.7,6882.9400000000005,0.2164383561643835,C
5870.0,1093.1,1096.3,6882.9400000000005,0.2164383561643835,C
5875.0,1088.4,1091.6,6882.9400000000005,0.2164383561643835,C
5880.0,1083.9,1086.9,6882.9400000000005,0.2164383561643835,C
5890.0,1074.5,1077.5,6882.9400000000005,0.2164383561643835,C
5900.0,1065.4,1067.8,6882.9400000000005,0.2164383561643835,C
5910.0,1055.7,1058.8,6882.9400000000005,0.2164383561643835,C
5920.0,1046.4,1049.5,6882.9400000000005,0.2164383561643835,C
5925.0,1041.7,1044.8,6882.9400000000005,0.2164383561643835,C
5930.0,1037.1,1040.1,6882.9400000000005,0.2164383561643835,C
5940.0,1027.7,1030.8,6882.9400000000005,0.2164383561643835,C
5950.0,1018.7,1021.2,6882.9400000000005,0.2164383561643835,C
5960.0,1009.1,1012.2,6882.9400000000005,0.2164383561643835,C
5970.0,999.8,1002.9,6882.9400000000005,0.2164383561643835,C
5975.0,995.2,998.3,6882.9400000000005,0.2164383561643835,C
5980.0,990.6,993.6,6882.9400000000005,0.2164383561643835,C
5990.0,981.3,984.4,6882.9400000000005,0.2164383561643835,C
6000.0,972.3,974.8,6882.9400000000005,0.2164383561643835,C
6010.0,962.8,965.9,6882.9400000000005,0.2164383561643835,C
6020.0,953.6,956.6,6882.9400000000005,0.2164383561643835,C
6025.0,949.0,952.0,6882.9400000000005,0.2164383561643835,C
6030.0,944.4,947.4,6882.9400000000005,0.2164383561643835,C
6040.0,935.2,938.2,6882.9400000000005,0.2164383561643835,C
6050.0,926.4,928.7,6882.9400000000005,0.2164383561643835,C
6060.0,916.8,919.8,6882.9400000000005,0.2164383561643835,C
6070.0,907.7,910.6,6882.9400000000005,0.2164383561643835,C
6075.0,903.1,906.0,6882.9400000000005,0.2164383561643835,C
6080.0,898.5,901.5,6882.9400000000005,0.2164383561643835,C
6090.0,889.4,892.3,6882.9400000000005,0.2164383561643835,C
6100.0,880.6,882.9,6882.9400000000005,0.2164383561643835,C
6110.0,871.2,874.1,6882.9400000000005,0.2164383561643835,C
6120.0,862.1,865.0,6882.9400000000005,0.2164383561643835,C
6125.0,857.5,860.4,6882.9400000000005,0.2164383561643835,C
6130.0,853.0,855.9,6882.9400000000005,0.2164383561643835,C
6140.0,843.9,846.8,6882.9400000000005,0.2164383561643835,C
6150.0,835.1,837.4,6882.9400000000005,0.2164383561643835,C
6160.0,825.9,828.7,6882.9400000000005,0.2164383561643835,C
6170.0,817.0,819.7,6882.9400000000005,0.2164383561643835,C
6175.0,812.3,815.1,6882.9400000000005,0.2164383561643835,C
6180.0,807.9,810.6,6882.9400000000005,0.2164383561643835,C
6190.0,799.0,801.6,6882.9400000000005,0.2164383561643835,C
6200.0,790.2,792.3,6882.9400000000005,0.2164383561643835,C
6210.0,781.0,783.7,6882.9400000000005,0.2164383561643835,C
6220.0,772.0,774.7,6882.9400000000005,0.2164383561643835,C
6225.0,767.6,770.2,6882.9400000000005,0.2164383561643835,C
6230.0,763.1,765.8,6882.9400000000005,0.2164383561643835,C
6240.0,754.2,756.8,6882.9400000000005,0.2164383561643835,C
6250.0,745.6,747.6,6882.9400000000005,0.2164383561643835,C
6260.0,736.6,739.1,6882.9400000000005,0.2164383561643835,C
6270.0,727.6,730.2,6882.9400000000005,0.2164383561643835,C
6275.0,723.2,725.8,6882.9400000000005,0.2164383561643835,C
6280.0,718.9,721.4,6882.9400000000005,0.2164383561643835,C
6290.0,710.1,712.6,6882.9400000000005,0.2164383561643835,C
6300.0,701.5,703.4,6882.9400000000005,0.2164383561643835,C
6310.0,692.4,695.0,6882.9400000000005,0.2164383561643835,C
6320.0,683.8,686.2,6882.9400000000005,0.2164383561643835,C
6325.0,679.3,681.9,6882.9400000000005,0.2164383561643835,C
6330.0,675.1,677.4,6882.9400000000005,0.2164383561643835,C
6340.0,666.3,668.8,6882.9400000000005,0.2164383561643835,C
6350.0,657.9,659.7,6882.9400000000005,0.2164383561643835,C
6360.0,649.0,651.3,6882.9400000000005,0.2164383561643835,C
6370.0,640.4,642.7,6882.9400000000005,0.2164383561643835,C
6375.0,636.0,638.4,6882.9400000000005,0.2164383561643835,C
6380.0,631.7,634.1,6882.9400000000005,0.2164383561643835,C
6390.0,623.0,625.5,6882.9400000000005,0.2164383561643835,C
6400.0,614.7,616.6,6882.9400000000005,0.2164383561643835,C
6410.0,606.0,608.4,6882.9400000000005,0.2164383561643835,C
6420.0,597.5,599.8,6882.9400000000005,0.2164383561643835,C
6425.0,593.2,595.5,6882.9400000000005,0.2164383561643835,C
6430.0,588.9,591.3,6882.9400000000005,0.2164383561643835,C
6440.0,580.5,582.8,6882.9400000000005,0.2164383561643835,C
6445.0,576.2,578.5,6882.9400000000005,0.2164383561643835,C
6450.0,572.2,574.0,6882.9400000000005,0.2164383561643835,C
6455.0,567.8,570.1,6882.9400000000005,0.2164383561643835,C
6460.0,563.6,565.9,6882.9400000000005,0.2164383561643835,C
6465.0,559.4,561.6,6882.9400000000005,0.2164383561643835,C
6470.0,555.2,557.5,6882.9400000000005,0.2164383561643835,C
6475.0,551.0,553.3,6882.9400000000005,0.2164383561643835,C
6480.0,546.8,549.0,6882.9400000000005,0.2164383561643835,C
6485.0,542.6,544.9,6882.9400000000005,0.2164383561643835,C
6490.0,538.5,540.7,6882.9400000000005,0.2164383561643835,C
6495.0,534.3,536.5,6882.9400000000005,0.2164383561643835,C
6500.0,530.2,532.1,6882.9400000000005,0.2164383561643835,C
6505.0,526.0,528.2,6882.9400000000005,0.2164383561643835,C
6510.0,521.8,524.1,6882.9400000000005,0.2164383561643835,C
6515.0,517.7,519.9,6882.9400000000005,0.2164383561643835,C
6520.0,513.6,515.8,6882.9400000000005,0.2164383561643835,C
6525.0,509.4,511.7,6882.9400000000005,0.2164383561643835,C
6530.0,505.3,507.5,6882.9400000000005,0.2164383561643835,C
6535.0,501.2,503.4,6882.9400000000005,0.2164383561643835,C
6540.0,497.1,499.3,6882.9400000000005,0.2164383561643835,C
6545.0,493.1,494.6,6882.9400000000005,0.2164383561643835,C
6550.0,489.2,490.5,6882.9400000000005,0.2164383561643835,C
6555.0,485.1,486.5,6882.9400000000005,0.2164383561643835,C
6560.0,481.0,482.4,6882.9400000000005,0.2164383561643835,C
6565.0,476.9,478.3,6882.9400000000005,0.2164383561643835,C
6570.0,472.9,474.3,6882.9400000000005,0.2164383561643835,C
6575.0,468.8,470.2,6882.9400000000005,0.2164383561643835,C
6580.0,464.8,466.2,6882.9400000000005,0.2164383561643835,C
6585.0,460.8,462.1,6882.9400000000005,0.2164383561643835,C
6590.0,456.8,458.1,6882.9400000000005,0.2164383561643835,C
6595.0,452.7,454.1,6882.9400000000005,0.2164383561643835,C
6600.0,448.8,450.1,6882.9400000000005,0.2164383561643835,C
6605.0,444.7,446.1,6882.9400000000005,0.2164383561643835,C
6610.0,440.8,442.1,6882.9400000000005,0.2164383561643835,C
6615.0,436.7,438.1,6882.9400000000005,0.2164383561643835,C
6620.0,432.8,434.2,6882.9400000000005,0.2164383561643835,C
6625.0,428.8,430.2,6882.9400000000005,0.2164383561643835,C
6630.0,424.9,426.2,6882.9400000000005,0.2164383561643835,C
6635.0,420.9,422.3,6882.9400000000005,0.2164383561643835,C
6640.0,417.0,418.4,6882.9400000000005,0.2164383561643835,C
6645.0,413.0,414.4,6882.9400000000005,0.2164383561643835,C
6650.0,409.2,410.5,6882.9400000000005,0.2164383561643835,C
6655.0,405.2,406.6,6882.9400000000005,0.2164383561643835,C
6660.0,401.4,402.7,6882.9400000000005,0.2164383561643835,C
6665.0,397.4,398.8,6882.9400000000005,0.2164383561643835,C
6670.0,393.6,394.9,6882.9400000000005,0.2164383561643835,C
6675.0,389.8,391.1,6882.9400000000005,0.2164383561643835,C
6680.0,385.9,387.2,6882.9400000000005,0.2164383561643835,C
6685.0,382.0,383.4,6882.9400000000005,0.2164383561643835,C
6690.0,378.2,379.5,6882.9400000000005,0.2164383561643835,C
6695.0,374.3,375.7,6882.9400000000005,0.2164383561643835,C
6700.0,370.6,371.9,6882.9400000000005,0.2164383561643835,C
6705.0,366.7,368.1,6882.9400000000005,0.2164383561643835,C
6710.0,363.0,364.3,6882.9400000000005,0.2164383561643835,C
6715.0,359.1,360.5,6882.9400000000005,0.2164383561643835,C
6720.0,355.5,356.7,6882.9400000000005,0.2164383561643835,C
6725.0,351.7,353.0,6882.9400000000005,0.2164383561643835,C
6730.0,348.0,349.2,6882.9400000000005,0.2164383561643835,C
6735.0,344.1,345.5,6882.9400000000005,0.2164383561643835,C
6740.0,340.5,341.8,6882.9400000000005,0.2164383561643835,C
6745.0,336.9,337.9,6882.9400000000005,0.2164383561643835,C
6750.0,333.1,334.2,6882.9400000000005,0.2164383561643835,C
6755.0,329.4,330.5,6882.9400000000005,0.2164383561643835,C
6760.0,325.8,326.9,6882.9400000000005,0.2164383561643835,C
6765.0,322.2,323.2,6882.9400000000005,0.2164383561643835,C
6770.0,318.5,319.7,6882.9400000000005,0.2164383561643835,C
6775.0,314.9,315.9,6882.9400000000005,0.2164383561643835,C
6780.0,311.3,312.3,6882.9400000000005,0.2164383561643835,C
6785.0,307.6,308.7,6882.9400000000005,0.2164383561643835,C
6790.0,304.1,305.1,6882.9400000000005,0.2164383561643835,C
6795.0,300.5,301.5,6882.9400000000005,0.2164383561643835,C
6800.0,296.9,297.9,6882.9400000000005,0.2164383561643835,C
6805.0,293.4,294.4,6882.9400000000005,0.2164383561643835,C
6810.0,289.8,290.8,6882.9400000000005,0.2164383561643835,C
6815.0,286.3,287.3,6882.9400000000005,0.2164383561643835,C
6820.0,282.8,283.8,6882.9400000000005,0.2164383561643835,C
6825.0,279.3,280.3,6882.9400000000005,0.2164383561643835,C
6830.0,275.8,276.8,6882.9400000000005,0.2164383561643835,C
6835.0,272.3,273.4,6882.9400000000005,0.2164383561643835,C
6840.0,268.8,269.9,6882.9400000000005,0.2164383561643835,C
6845.0,265.5,266.5,6882.9400000000005,0.2164383561643835,C
6850.0,262.0,263.2,6882.9400000000005,0.2164383561643835,C
6855.0,258.6,259.7,6882.9400000000005,0.2164383561643835,C
6860.0,255.3,256.4,6882.9400000000005,0.2164383561643835,C
6865.0,251.9,252.9,6882.9400000000005,0.2164383561643835,C
6870.0,248.5,249.5,6882.9400000000005,0.2164383561643835,C
6875.0,245.2,246.2,6882.9400000000005,0.2164383561643835,C
6880.0,241.9,242.9,6882.9400000000005,0.2164383561643835,C
6885.0,238.5,239.6,6882.9400000000005,0.2164383561643835,C
6890.0,235.3,236.3,6882.9400000000005,0.2164383561643835,C
6895.0,232.0,233.1,6882.9400000000005,0.2164383561643835,C
6900.0,228.8,229.8,6882.9400000000005,0.2164383561643835,C
6905.0,225.6,226.5,6882.9400000000005,0.2164383561643835,C
6910.0,222.4,223.3,6882.9400000000005,0.2164383561643835,C
6915.0,219.2,220.1,6882.9400000000005,0.2164383561643835,C
6920.0,216.0,217.0,6882.9400000000005,0.2164383561643835,C
6925.0,212.8,213.8,6882.9400000000005,0.2164383561643835,C
6930.0,209.7,210.7,6882.9400000000005,0.2164383561643835,C
6935.0,206.6,207.6,6882.9400000000005,0.2164383561643835,C
6940.0,203.5,204.4,6882.9400000000005,0.2164383561643835,C
6945.0,200.3,201.4,6882.9400000000005,0.2164383561643835,C
6950.0,197.4,198.3,6882.9400000000005,0.2164383561643835,C
6955.0,194.3,195.4,6882.9400000000005,0.2164383561643835,C
6960.0,191.2,192.2,6882.9400000000005,0.2164383561643835,C
6965.0,188.2,189.3,6882.9400000000005,0.2164383561643835,C
6970.0,185.2,186.3,6882.9400000000005,0.2164383561643835,C
6975.0,182.3,183.3,6882.9400000000005,0.2164383561643835,C
6980.0,179.3,180.4,6882.9400000000005,0.2164383561643835,C
6985.0,176.4,177.5,6882.9400000000005,0.2164383561643835,C
6990.0,173.5,174.6,6882.9400000000005,0.2164383561643835,C
6995.0,170.8,171.7,6882.9400000000005,0.2164383561643835,C
7000.0,168.0,168.9,6882.9400000000005,0.2164383561643835,C
7005.0,165.0,166.2,6882.9400000000005,0.2164383561643835,C
7010.0,162.2,163.2,6882.9400000000005,0.2164383561643835,C
7015.0,159.4,160.5,6882.9400000000005,0.2164383561643835,C
7020.0,156.7,157.7,6882.9400000000005,0.2164383561643835,C
7025.0,154.0,155.0,6882.9400000000005,0.2164383561643835,C
7030.0,151.3,152.3,6882.9400000000005,0.2164383561643835,C
7035.0,148.6,149.6,6882.9400000000005,0.2164383561643835,C
7040.0,145.9,146.9,6882.9400000000005,0.2164383561643835,C
7045.0,143.3,144.4,6882.9400000000005,0.2164383561643835,C
7050.0,140.8,141.7,6882.9400000000005,0.2164383561643835,C
7055.0,138.1,139.2,6882.9400000000005,0.2164383561643835,C
7060.0,135.6,136.6,6882.9400000000005,0.2164383561643835,C
7065.0,133.0,134.0,6882.9400000000005,0.2164383561643835,C
7070.0,130.6,131.5,6882.9400000000005,0.2164383561643835,C
7075.0,128.1,129.0,6882.9400000000005,0.2164383561643835,C
7080.0,125.6,126.6,6882.9400000000005,0.2164383561643835,C
7085.0,123.2,124.2,6882.9400000000005,0.2164383561643835,C
7090.0,120.8,121.8,6882.9400000000005,0.2164383561643835,C
7100.0,116.2,117.0,6882.9400000000005,0.2164383561643835,C
7110.0,111.5,112.4,6882.9400000000005,0.2164383561643835,C
7120.0,107.0,107.9,6882.9400000000005,0.2164383561643835,C
7125.0,104.7,105.7,6882.9400000000005,0.2164383561643835,C
7130.0,102.6,103.5,6882.9400000000005,0.2164383561643835,C
7140.0,98.3,99.2,6882.9400000000005,0.2164383561643835,C
7150.0,94.2,95.0,6882.9400000000005,0.2164383561643835,C
7160.0,90.1,91.0,6882.9400000000005,0.2164383561643835,C
7170.0,86.1,87.0,6882.9400000000005,0.2164383561643835,C
7175.0,84.2,85.1,6882.9400000000005,0.2164383561643835,C
7180.0,82.3,83.2,6882.9400000000005,0.2164383561643835,C
7190.0,78.6,79.5,6882.9400000000005,0.2164383561643835,C
7200.0,75.1,75.8,6882.9400000000005,0.2164383561643835,C
7210.0,71.5,72.4,6882.9400000000005,0.2164383561643835,C
7220.0,68.1,68.9,6882.9400000000005,0.2164383561643835,C
7225.0,66.4,67.4,6882.9400000000005,0.2164383561643835,C
7230.0,64.9,65.7,6882.9400000000005,0.2164383561643835,C
7240.0,61.7,62.6,6882.9400000000005,0.2164383561643835,C
7250.0,58.7,59.6,6882.9400000000005,0.2164383561643835,C
7260.0,55.8,56.6,6882.9400000000005,0.2164383561643835,C
7270.0,53.0,53.8,6882.9400000000005,0.2164383561643835,C
7275.0,51.6,52.4,6882.9400000000005,0.2164383561643835,C
7280.0,50.2,51.1,6882.9400000000005,0.2164383561643835,C
7290.0,47.7,48.5,6882.9400000000005,0.2164383561643835,C
7300.0,45.2,46.0,6882.9400000000005,0.2164383561643835,C
7310.0,42.8,43.6,6882.9400000000005,0.2164383561643835,C
7320.0,40.5,41.2,6882.9400000000005,0.2164383561643835,C
7325.0,39.4,40.1,6882.9400000000005,0.2164383561643835,C
7330.0,38.3,39.0,6882.9400000000005,0.2164383561643835,C
7340.0,36.2,36.9,6882.9400000000005,0.2164383561643835,C
7350.0,34.3,34.9,6882.9400000000005,0.2164383561643835,C
7360.0,32.2,33.0,6882.9400000000005,0.2164383561643835,C
7370.0,30.4,31.2,6882.9400000000005,0.2164383561643835,C
7375.0,29.6,30.3,6882.9400000000005,0.2164383561643835,C
7380.0,28.7,29.5,6882.9400000000005,0.2164383561643835,C
7390.0,27.1,27.8,6882.9400000000005,0.2164383561643835,C
7400.0,25.6,26.2,6882.9400000000005,0.2164383561643835,C
7410.0,24.0,24.7,6882.9400000000005,0.2164383561643835,C
7420.0,22.6,23.2,6882.9400000000005,0.2164383561643835,C
7425.0,22.0,22.6,6882.9400000000005,0.2164383561643835,C
7430.0,21.3,21.9,6882.9400000000005,0.2164383561643835,C
7450.0,18.9,19.4,6882.9400000000005,0.2164383561643835,C
7475.0,16.2,16.7,6882.9400000000005,0.2164383561643835,C
7500.0,13.9,14.4,6882.9400000000005,0.2164383561643835,C
7525.0,11.9,12.4,6882.9400000000005,0.2164383561643835,C
7550.0,10.4,10.7,6882.9400000000005,0.2164383561643835,C
7575.0,8.8,9.2,6882.9400000000005,0.2164383561643835,C
7600.0,7.6,8.0,6882.9400000000005,0.2164383561643835,C
7625.0,6.5,6.9,6882.9400000000005,0.2164383561643835,C
7650.0,5.6,6.0,6882.9400000000005,0.2164383561643835,C
7675.0,4.9,5.3,6882.9400000000005,0.2164383561643835,C
7700.0,4.3,4.6,6882.9400000000005,0.2164383561643835,C
7725.0,3.7,4.1,6882.9400000000005,0.2164383561643835,C
7750.0,3.3,3.6,6882.9400000000005,0.2164383561643835,C
7775.0,2.85,3.2,6882.9400000000005,0.2164383561643835,C
7800.0,2.55,2.8,6882.9400000000005,0.2164383561643835,C
7825.0,2.25,2.5,6882.9400000000005,0.2164383561643835,C
7850.0,2.0,2.2,6882.9400000000005,0.2164383561643835,C
7875.0,1.75,2.0,6882.9400000000005,0.2164383561643835,C
7900.0,1.6,1.8,6882.9400000000005,0.2164383561643835,C
7950.0,1.3,1.45,6882.9400000000005,0.2164383561643835,C
8000.0,1.05,1.2,6882.9400000000005,0.2164383561643835,C
8100.0,0.7,0.9,6882.9400000000005,0.2164383561643835,C
8200.0,0.4,0.7,6882.9400000000005,0.2164383561643835,C
8300.0,0.25,0.55,6882.9400000000005,0.2164383561643835,C
8400.0,0.2,0.45,6882.9400000000005,0.2164383561643835,C
8500.0,0.15,0.4,6882.9400000000005,0.2164383561643835,C
8600.0,0.1,0.35,6882.9400000000005,0.2164383561643835,C
8800.0,0.1,0.3,6882.9400000000005,0.2164383561643835,C
9000.0,0.1,0.25,6882.9400000000005,0.2164383561643835,C
9200.0,0.1,0.2,6882.9400000000005,0.2164383561643835,C
9600.0,0.0,0.15,6882.9400000000005,0.2164383561643835,C
10000.0,0.0,0.15,6882.9400000000005,0.2164383561643835,C
10400.0,0.0,0.1,6882.9400000000005,0.2164383561643835,C
10800.0,0.0,0.1,6882.9400000000005,0.2164383561643835,C
11200.0,0.0,0.1,6882.9400000000005,0.2164383561643835,C
11600.0,0.0,0.1,6882.9400000000005,0.2164383561643835,C
12000.0,0.0,0.1,6882.9400000000005,0.2164383561643835,C
12400.0,0.0,0.1,6882.9400000000005,0.2164383561643835,C
200.0,6659.5,6676.7,6882.9400000000005,0.3095890410958904,C
400.0,6462.4,6481.2,6882.9400000000005,0.3095890410958904,C
600.0,6264.4,6281.9,6882.9400000000005,0.3095890410958904,C
800.0,6067.3,6084.5,6882.9400000000005,0.3095890410958904,C
1000.0,5869.0,5885.8,6882.9400000000005,0.3095890410958904,C
1200.0,5672.7,5688.3,6882.9400000000005,0.3095890410958904,C
1400.0,5475.0,5491.1,6882.9400000000005,0.3095890410958904,C
1600.0,5277.4,5293.0,6882.9400000000005,0.3095890410958904,C
1800.0,5080.9,5095.5,6882.9400000000005,0.3095890410958904,C
2000.0,4883.4,4898.5,6882.9400000000005,0.3095890410958904,C
2200.0,4687.3,4701.1,6882.9400000000005,0.3095890410958904,C
2300.0,4588.8,4603.0,6882.9400000000005,0.3095890410958904,C
2400.0,4490.4,4504.4,6882.9400000000005,0.3095890410958904,C
2500.0,4392.0,4406.3,6882.9400000000005,0.3095890410958904,C
2600.0,4293.7,4307.6,6882.9400000000005,0.3095890410958904,C
2700.0,4195.5,4208.9,6882.9400000000005,0.3095890410958904,C
2800.0,4097.2,4110.4,6882.9400000000005,0.3095890410958904,C
2900.0,3998.9,4012.2,6882.9400000000005,0.3095890410958904,C
3000.0,3900.6,3913.8,6882.9400000000005,0.3095890410958904,C
3100.0,3802.7,3815.4,6882.9400000000005,0.3095890410958904,C
3200.0,3704.3,3716.9,6882.9400000000005,0.3095890410958904,C
3300.0,3606.4,3618.6,6882.9400000000005,0.3095890410958904,C
3350.0,3557.6,3569.6,6882.9400000000005,0.3095890410958904,C
3400.0,3508.1,3520.1,6882.9400000000005,0.3095890410958904,C
3450.0,3459.3,3471.0,6882.9400000000005,0.3095890410958904,C
3500.0,3410.3,3422.2,6882.9400000000005,0.3095890410958904,C
3550.0,3361.3,3373.1,6882.9400000000005,0.3095890410958904,C
3600.0,3312.4,3324.0,6882.9400000000005,0.3095890410958904,C
3650.0,3263.3,3274.8,6882.9400000000005,0.3095890410958904,C
3700.0,3214.1,3225.0,6882.9400000000005,0.3095890410958904,C
3750.0,3165.4,3176.7,6882.9400000000005,0.3095890410958904,C
3800.0,3116.4,3127.7,6882.9400000000005,0.3095890410958904,C
3850.0,3067.6,3078.7,6882.9400000000005,0.3095890410958904,C
3875.0,3043.1,3054.2,6882.9400000000005,0.3095890410958904,C
3900.0,3018.3,3029.6,6882.9400000000005,0.3095890410958904,C
3925.0,2993.8,3005.1,6882.9400000000005,0.3095890410958904,C
3950.0,2969.5,2980.6,6882.9400000000005,0.3095890410958904,C
3975.0,2944.9,2956.0,6882.9400000000005,0.3095890410958904,C
4000.0,2920.9,2930.9,6882.9400000000005,0.3095890410958904,C
4025.0,2896.4,2907.2,6882.9400000000005,0.3095890410958904,C
4050.0,2872.0,2882.7,6882.9400000000005,0.3095890410958904,C
4075.0,2847.6,2858.5,6882.9400000000005,0.3095890410958904,C
4100.0,2822.9,2833.6,6882.9400000000005,0.3095890410958904,C
4125.0,2798.3,2809.1,6882.9400000000005,0.3095890410958904,C
4150.0,2777.5,2781.1,6882.9400000000005,0.3095890410958904,C
4175.0,2752.7,2757.3,6882.9400000000005,0.3095890410958904,C
4200.0,2728.7,2732.2,6882.9400000000005,0.3095890410958904,C
4225.0,2704.0,2708.4,6882.9400000000005,0.3095890410958904,C
4250.0,2679.8,2683.4,6882.9400000000005,0.3095890410958904,C
4275.0,2655.2,2659.5,6882.9400000000005,0.3095890410958904,C
4300.0,2631.0,2634.5,6882.9400000000005,0.3095890410958904,C
4325.0,2606.4,2610.7,6882.9400000000005,0.3095890410958904,C
4350.0,2582.2,2585.7,6882.9400000000005,0.3095890410958904,C
4375.0,2557.6,2561.9,6882.9400000000005,0.3095890410958904,C
4400.0,2533.4,2536.9,6882.9400000000005,0.3095890410958904,C
4425.0,2508.7,2513.0,6882.9400000000005,0.3095890410958904,C
4450.0,2484.7,2488.1,6882.9400000000005,0.3095890410958904,C
4475.0,2460.1,2464.3,6882.9400000000005,0.3095890410958904,C
4500.0,2436.0,2439.4,6882.9400000000005,0.3095890410958904,C
4525.0,2411.4,2415.6,6882.9400000000005,0.3095890410958904,C
4550.0,2387.3,2390.7,6882.9400000000005,0.3095890410958904,C
4575.0,2362.6,2366.9,6882.9400000000005,0.3095890410958904,C
4600.0,2338.6,2342.0,6882.9400000000005,0.3095890410958904,C
4625.0,2314.0,2318.2,6882.9400000000005,0.3095890410958904,C
4650.0,2290.0,2293.3,6882.9400000000005,0.3095890410958904,C
4675.0,2265.5,2269.6,6882.9400000000005,0.3095890410958904,C
4700.0,2241.4,2244.8,6882.9400000000005,0.3095890410958904,C
4725.0,2216.8,2221.0,6882.9400000000005,0.3095890410958904,C
4750.0,2192.9,2196.3,6882.9400000000005,0.3095890410958904,C
4775.0,2168.4,2172.3,6882.9400000000005,0.3095890410958904,C
4800.0,2144.4,2147.6,6882.9400000000005,0.3095890410958904,C
4825.0,2119.8,2123.8,6882.9400000000005,0.3095890410958904,C
4850.0,2095.9,2099.2,6882.9400000000005,0.3095890410958904,C
4875.0,2071.4,2075.3,6882.9400000000005,0.3095890410958904,C
4900.0,2047.6,2050.8,6882.9400000000005,0.3095890410958904,C
4925.0,2023.0,2027.0,6882.9400000000005,0.3095890410958904,C
4950.0,1999.2,2002.3,6882.9400000000005,0.3095890410958904,C
4975.0,1974.7,1978.6,6882.9400000000005,0.3095890410958904,C
5000.0,1950.9,1954.0,6882.9400000000005,0.3095890410958904,C
5025.0,1926.6,1930.4,6882.9400000000005,0.3095890410958904,C
5050.0,1902.7,1905.8,6882.9400000000005,0.3095890410958904,C
5075.0,1878.3,1882.1,6882.9400000000005,0.3095890410958904,C
5100.0,1854.5,1857.6,6882.9400000000005,0.3095890410958904,C
5125.0,1830.3,1834.0,6882.9400000000005,0.3095890410958904,C
5150.0,1806.4,1809.5,6882.9400000000005,0.3095890410958904,C
5175.0,1782.3,1785.9,6882.9400000000005,0.3095890410958904,C
5200.0,1758.5,1761.5,6882.9400000000005,0.3095890410958904,C
5225.0,1734.2,1738.0,6882.9400000000005,0.3095890410958904,C
5250.0,1710.6,1713.6,6882.9400000000005,0.3095890410958904,C
5275.0,1686.4,1690.1,6882.9400000000005,0.3095890410958904,C
5300.0,1662.8,1665.8,6882.9400000000005,0.3095890410958904,C
5325.0,1638.7,1642.3,6882.9400000000005,0.3095890410958904,C
5350.0,1615.2,1618.1,6882.9400000000005,0.3095890410958904,C
5375.0,1591.1,1594.7,6882.9400000000005,0.3095890410958904,C
5400.0,1567.6,1570.5,6882.9400000000005,0.3095890410958904,C
5425.0,1543.6,1547.2,6882.9400000000005,0.3095890410958904,C
5450.0,1520.2,1523.1,6882.9400000000005,0.3095890410958904,C
5475.0,1496.3,1499.8,6882.9400000000005,0.3095890410958904,C
5500.0,1473.0,1475.9,6882.9400000000005,0.3095890410958904,C
5525.0,1449.1,1452.5,6882.9400000000005,0.3095890410958904,C
5550.0,1425.9,1428.6,6882.9400000000005,0.3095890410958904,C
5575.0,1402.1,1405.4,6882.9400000000005,0.3095890410958904,C
5600.0,1378.9,1381.6,6882.9400000000005,0.3095890410958904,C
5625.0,1355.2,1358.5,6882.9400000000005,0.3095890410958904,C
5650.0,1332.1,1334.8,6882.9400000000005,0.3095890410958904,C
5675.0,1308.5,1311.8,6882.9400000000005,0.3095890410958904,C
5700.0,1285.6,1288.1,6882.9400000000005,0.3095890410958904,C
5725.0,1262.0,1265.3,6882.9400000000005,0.3095890410958904,C
5750.0,1239.1,1241.7,6882.9400000000005,0.3095890410958904,C
5775.0,1215.7,1218.9,6882.9400000000005,0.3095890410958904,C
5800.0,1193.0,1195.5,6882.9400000000005,0.3095890410958904,C
5825.0,1169.7,1172.8,6882.9400000000005,0.3095890410958904,C
5850.0,1147.0,1149.5,6882.9400000000005,0.3095890410958904,C
5875.0,1123.9,1127.0,6882.9400000000005,0.3095890410958904,C
5900.0,1101.3,1103.8,6882.9400000000005,0.3095890410958904,C
5910.0,1092.1,1095.0,6882.9400000000005,0.3095890410958904,C
5920.0,1083.0,1085.9,6882.9400000000005,0.3095890410958904,C
5925.0,1078.3,1081.4,6882.9400000000005,0.3095890410958904,C
5930.0,1073.8,1076.8,6882.9400000000005,0.3095890410958904,C
5940.0,1064.8,1067.7,6882.9400000000005,0.3095890410958904,C
5950.0,1056.0,1058.3,6882.9400000000005,0.3095890410958904,C
5960.0,1046.7,1049.6,6882.9400000000005,0.3095890410958904,C
5970.0,1037.7,1040.5,6882.9400000000005,0.3095890410958904,C
5975.0,1033.0,1036.0,6882.9400000000005,0.3095890410958904,C
5980.0,1028.5,1031.5,6882.9400000000005,0.3095890410958904,C
5990.0,1019.6,1022.5,6882.9400000000005,0.3095890410958904,C
6000.0,1010.8,1013.2,6882.9400000000005,0.3095890410958904,C
6010.0,1001.5,1004.5,6882.9400000000005,0.3095890410958904,C
6020.0,992.5,995.5,6882.9400000000005,0.3095890410958904,C
6025.0,988.2,991.0,6882.9400000000005,0.3095890410958904,C
6030.0,983.6,986.5,6882.9400000000005,0.3095890410958904,C
6040.0,974.7,977.5,6882.9400000000005,0.3095890410958904,C
6050.0,965.9,968.3,6882.9400000000005,0.3095890410958904,C
6060.0,956.9,959.7,6882.9400000000005,0.3095890410958904,C
6070.0,948.0,950.7,6882.9400000000005,0.3095890410958904,C
6075.0,943.4,946.3,6882.9400000000005,0.3095890410958904,C
6080.0,939.1,941.8,6882.9400000000005,0.3095890410958904,C
6090.0,930.1,932.9,6882.9400000000005,0.3095890410958904,C
6100.0,921.5,923.8,6882.9400000000005,0.3095890410958904,C
6110.0,912.3,915.2,6882.9400000000005,0.3095890410958904,C
6120.0,903.5,906.3,6882.9400000000005,0.3095890410958904,C
6125.0,899.1,901.9,6882.9400000000005,0.3095890410958904,C
6130.0,894.7,897.5,6882.9400000000005,0.3095890410958904,C
6140.0,886.0,888.6,6882.9400000000005,0.3095890410958904,C
6150.0,877.3,879.5,6882.9400000000005,0.3095890410958904,C
6160.0,868.3,871.0,6882.9400000000005,0.3095890410958904,C
6170.0,859.6,862.3,6882.9400000000005,0.3095890410958904,C
6175.0,855.2,857.9,6882.9400000000005,0.3095890410958904,C
6180.0,850.9,853.5,6882.9400000000005,0.3095890410958904,C
6190.0,842.2,844.8,6882.9400000000005,0.3095890410958904,C
6200.0,833.7,835.7,6882.9400000000005,0.3095890410958904,C
6210.0,824.7,827.3,6882.9400000000005,0.3095890410958904,C
6220.0,816.1,818.6,6882.9400000000005,0.3095890410958904,C
6225.0,811.6,814.3,6882.9400000000005,0.3095890410958904,C
6230.0,807.4,809.9,6882.9400000000005,0.3095890410958904,C
6240.0,798.6,801.3,6882.9400000000005,0.3095890410958904,C
6250.0,790.2,792.3,6882.9400000000005,0.3095890410958904,C
6260.0,781.5,783.9,6882.9400000000005,0.3095890410958904,C
6270.0,772.9,775.3,6882.9400000000005,0.3095890410958904,C
6275.0,768.5,771.1,6882.9400000000005,0.3095890410958904,C
6280.0,764.3,766.7,6882.9400000000005,0.3095890410958904,C
6290.0,755.7,758.2,6882.9400000000005,0.3095890410958904,C
6300.0,747.4,749.3,6882.9400000000005,0.3095890410958904,C
6310.0,738.6,741.1,6882.9400000000005,0.3095890410958904,C
6320.0,730.2,732.6,6882.9400000000005,0.3095890410958904,C
6325.0,725.9,728.3,6882.9400000000005,0.3095890410958904,C
6330.0,721.7,724.1,6882.9400000000005,0.3095890410958904,C
6340.0,713.2,715.6,6882.9400000000005,0.3095890410958904,C
6350.0,704.9,706.8,6882.9400000000005,0.3095890410958904,C
6360.0,696.3,698.7,6882.9400000000005,0.3095890410958904,C
6370.0,687.9,690.3,6882.9400000000005,0.3095890410958904,C
6375.0,683.6,686.1,6882.9400000000005,0.3095890410958904,C
6380.0,679.5,681.9,6882.9400000000005,0.3095890410958904,C
6390.0,671.2,673.6,6882.9400000000005,0.3095890410958904,C
6400.0,663.0,664.9,6882.9400000000005,0.3095890410958904,C
6410.0,654.5,656.9,6882.9400000000005,0.3095890410958904,C
6420.0,646.2,648.6,6882.9400000000005,0.3095890410958904,C
6425.0,642.0,644.4,6882.9400000000005,0.3095890410958904,C
6430.0,637.9,640.2,6882.9400000000005,0.3095890410958904,C
6440.0,629.7,632.0,6882.9400000000005,0.3095890410958904,C
6450.0,621.6,623.4,6882.9400000000005,0.3095890410958904,C
6460.0,613.1,615.5,6882.9400000000005,0.3095890410958904,C
6470.0,605.0,607.4,6882.9400000000005,0.3095890410958904,C
6475.0,601.0,603.3,6882.9400000000005,0.3095890410958904,C
6480.0,596.9,599.2,6882.9400000000005,0.3095890410958904,C
6490.0,589.1,590.4,6882.9400000000005,0.3095890410958904,C
6500.0,581.0,582.3,6882.9400000000005,0.3095890410958904,C
6510.0,572.9,574.2,6882.9400000000005,0.3095890410958904,C
6520.0,564.8,566.1,6882.9400000000005,0.3095890410958904,C
6525.0,560.8,562.1,6882.9400000000005,0.3095890410958904,C
6530.0,556.8,558.1,6882.9400000000005,0.3095890410958904,C
6540.0,548.8,550.1,6882.9400000000005,0.3095890410958904,C
6550.0,540.8,542.1,6882.9400000000005,0.3095890410958904,C
6560.0,532.9,534.2,6882.9400000000005,0.3095890410958904,C
6570.0,524.9,526.2,6882.9400000000005,0.3095890410958904,C
6575.0,521.0,522.3,6882.9400000000005,0.3095890410958904,C
6580.0,517.0,518.3,6882.9400000000005,0.3095890410958904,C
6585.0,513.1,514.4,6882.9400000000005,0.3095890410958904,C
6590.0,509.2,510.5,6882.9400000000005,0.3095890410958904,C
6595.0,505.3,506.6,6882.9400000000005,0.3095890410958904,C
6600.0,501.4,502.6,6882.9400000000005,0.3095890410958904,C
6605.0,497.4,498.7,6882.9400000000005,0.3095890410958904,C
6610.0,493.5,494.8,6882.9400000000005,0.3095890410958904,C
6615.0,489.7,490.9,6882.9400000000005,0.3095890410958904,C
6620.0,485.8,487.1,6882.9400000000005,0.3095890410958904,C
6625.0,481.9,483.2,6882.9400000000005,0.3095890410958904,C
6630.0,478.0,479.3,6882.9400000000005,0.3095890410958904,C
6635.0,474.2,475.5,6882.9400000000005,0.3095890410958904,C
6640.0,470.3,471.6,6882.9400000000005,0.3095890410958904,C
6645.0,466.5,467.8,6882.9400000000005,0.3095890410958904,C
6650.0,462.7,464.0,6882.9400000000005,0.3095890410958904,C
6655.0,458.8,460.1,6882.9400000000005,0.3095890410958904,C
6660.0,455.1,456.3,6882.9400000000005,0.3095890410958904,C
6665.0,451.2,452.5,6882.9400000000005,0.3095890410958904,C
6670.0,447.5,448.7,6882.9400000000005,0.3095890410958904,C
6675.0,443.7,444.9,6882.9400000000005,0.3095890410958904,C
6680.0,439.9,441.2,6882.9400000000005,0.3095890410958904,C
6685.0,436.1,437.4,6882.9400000000005,0.3095890410958904,C
6690.0,432.4,433.6,6882.9400000000005,0.3095890410958904,C
6695.0,428.6,429.9,6882.9400000000005,0.3095890410958904,C
6700.0,425.0,426.2,6882.9400000000005,0.3095890410958904,C
6705.0,421.1,422.4,6882.9400000000005,0.3095890410958904,C
6710.0,417.5,418.7,6882.9400000000005,0.3095890410958904,C
6715.0,413.7,415.0,6882.9400000000005,0.3095890410958904,C
6720.0,410.1,411.3,6882.9400000000005,0.3095890410958904,C
6725.0,406.4,407.6,6882.9400000000005,0.3095890410958904,C
6730.0,402.8,403.9,6882.9400000000005,0.3095890410958904,C
6735.0,399.2,400.3,6882.9400000000005,0.3095890410958904,C
6740.0,395.5,396.6,6882.9400000000005,0.3095890410958904,C
6745.0,391.9,392.9,6882.9400000000005,0.3095890410958904,C
6750.0,388.2,389.3,6882.9400000000005,0.3095890410958904,C
6755.0,384.6,385.7,6882.9400000000005,0.3095890410958904,C
6760.0,381.0,382.1,6882.9400000000005,0.3095890410958904,C
6765.0,377.4,378.5,6882.9400000000005,0.3095890410958904,C
6770.0,373.8,374.9,6882.9400000000005,0.3095890410958904,C
6775.0,370.2,371.3,6882.9400000000005,0.3095890410958904,C
6780.0,366.7,367.7,6882.9400000000005,0.3095890410958904,C
6785.0,363.1,364.1,6882.9400000000005,0.3095890410958904,C
6790.0,359.6,360.6,6882.9400000000005,0.3095890410958904,C
6795.0,356.0,357.1,6882.9400000000005,0.3095890410958904,C
6800.0,352.5,353.6,6882.9400000000005,0.3095890410958904,C
6805.0,349.0,350.0,6882.9400000000005,0.3095890410958904,C
6810.0,345.5,346.5,6882.9400000000005,0.3095890410958904,C
6815.0,342.0,343.0,6882.9400000000005,0.3095890410958904,C
6820.0,338.5,339.5,6882.9400000000005,0.3095890410958904,C
6825.0,335.1,336.1,6882.9400000000005,0.3095890410958904,C
6830.0,331.6,332.6,6882.9400000000005,0.3095890410958904,C
6835.0,328.3,329.2,6882.9400000000005,0.3095890410958904,C
6840.0,324.8,325.8,6882.9400000000005,0.3095890410958904,C
6845.0,321.4,322.3,6882.9400000000005,0.3095890410958904,C
6850.0,318.1,319.0,6882.9400000000005,0.3095890410958904,C
6855.0,314.7,315.6,6882.9400000000005,0.3095890410958904,C
6860.0,311.2,312.2,6882.9400000000005,0.3095890410958904,C
6865.0,307.8,308.8,6882.9400000000005,0.3095890410958904,C
6870.0,304.5,305.5,6882.9400000000005,0.3095890410958904,C
6875.0,301.2,302.1,6882.9400000000005,0.3095890410958904,C
6880.0,297.9,298.8,6882.9400000000005,0.3095890410958904,C
6885.0,294.6,295.5,6882.9400000000005,0.3095890410958904,C
6890.0,291.3,292.2,6882.9400000000005,0.3095890410958904,C
6895.0,288.0,289.0,6882.9400000000005,0.3095890410958904,C
6900.0,284.7,285.7,6882.9400000000005,0.3095890410958904,C
6905.0,281.5,282.5,6882.9400000000005,0.3095890410958904,C
6910.0,278.3,279.2,6882.9400000000005,0.3095890410958904,C
6915.0,275.1,276.0,6882.9400000000005,0.3095890410958904,C
6920.0,271.9,272.8,6882.9400000000005,0.3095890410958904,C
6925.0,268.7,269.6,6882.9400000000005,0.3095890410958904,C
6930.0,265.5,266.4,6882.9400000000005,0.3095890410958904,C
6935.0,262.4,263.3,6882.9400000000005,0.3095890410958904,C
6940.0,259.2,260.1,6882.9400000000005,0.3095890410958904,C
6945.0,256.1,257.1,6882.9400000000005,0.3095890410958904,C
6950.0,253.0,253.9,6882.9400000000005,0.3095890410958904,C
6955.0,249.9,250.8,6882.9400000000005,0.3095890410958904,C
6960.0,246.8,247.7,6882.9400000000005,0.3095890410958904,C
6965.0,243.8,244.7,6882.9400000000005,0.3095890410958904,C
6970.0,240.7,241.6,6882.9400000000005,0.3095890410958904,C
6975.0,237.7,238.6,6882.9400000000005,0.3095890410958904,C
6980.0,234.7,235.6,6882.9400000000005,0.3095890410958904,C
6985.0,231.7,232.6,6882.9400000000005,0.3095890410958904,C
6990.0,228.7,229.6,6882.9400000000005,0.3095890410958904,C
7000.0,222.8,223.7,6882.9400000000005,0.3095890410958904,C
7010.0,217.0,217.9,6882.9400000000005,0.3095890410958904,C
7020.0,211.3,212.1,6882.9400000000005,0.3095890410958904,C
7025.0,208.4,209.2,6882.9400000000005,0.3095890410958904,C
7030.0,205.6,206.4,6882.9400000000005,0.3095890410958904,C
7040.0,200.0,200.8,6882.9400000000005,0.3095890410958904,C
7050.0,194.4,195.3,6882.9400000000005,0.3095890410958904,C
7060.0,189.0,189.8,6882.9400000000005,0.3095890410958904,C
7070.0,183.6,184.4,6882.9400000000005,0.3095890410958904,C
7075.0,181.0,181.8,6882.9400000000005,0.3095890410958904,C
7080.0,178.3,179.1,6882.9400000000005,0.3095890410958904,C
7090.0,173.1,173.9,6882.9400000000005,0.3095890410958904,C
7100.0,168.0,168.7,6882.9400000000005,0.3095890410958904,C
7110.0,162.9,163.7,6882.9400000000005,0.3095890410958904,C
7120.0,158.0,158.8,6882.9400000000005,0.3095890410958904,C
7125.0,155.5,156.3,6882.9400000000005,0.3095890410958904,C
7130.0,153.1,153.9,6882.9400000000005,0.3095890410958904,C
7140.0,148.3,149.1,6882.9400000000005,0.3095890410958904,C
7150.0,143.6,144.4,6882.9400000000005,0.3095890410958904,C
7160.0,139.0,139.8,6882.9400000000005,0.3095890410958904,C
7170.0,134.5,135.3,6882.9400000000005,0.3095890410958904,C
7175.0,132.2,133.0,6882.9400000000005,0.3095890410958904,C
7180.0,130.0,130.8,6882.9400000000005,0.3095890410958904,C
7190.0,125.7,126.5,6882.9400000000005,0.3095890410958904,C
7200.0,121.4,122.2,6882.9400000000005,0.3095890410958904,C
7210.0,117.3,118.1,6882.9400000000005,0.3095890410958904,C
7220.0,113.2,114.0,6882.9400000000005,0.3095890410958904,C
7225.0,111.2,112.0,6882.9400000000005,0.3095890410958904,C
7230.0,109.3,110.1,6882.9400000000005,0.3095890410958904,C
7240.0,105.4,106.2,6882.9400000000005,0.3095890410958904,C
7250.0,101.6,102.4,6882.9400000000005,0.3095890410958904,C
7260.0,97.9,98.7,6882.9400000000005,0.3095890410958904,C
7270.0,94.3,95.1,6882.9400000000005,0.3095890410958904,C
7275.0,92.5,93.3,6882.9400000000005,0.3095890410958904,C
7280.0,90.8,91.6,6882.9400000000005,0.3095890410958904,C
7290.0,87.4,88.2,6882.9400000000005,0.3095890410958904,C
7300.0,84.1,84.9,6882.9400000000005,0.3095890410958904,C
7310.0,80.8,81.6,6882.9400000000005,0.3095890410958904,C
7320.0,77.7,78.4,6882.9400000000005,0.3095890410958904,C
7325.0,76.2,77.0,6882.9400000000005,0.3095890410958904,C
7330.0,74.7,75.4,6882.9400000000005,0.3095890410958904,C
7340.0,71.7,72.5,6882.9400000000005,0.3095890410958904,C
7350.0,68.8,69.5,6882.9400000000005,0.3095890410958904,C
7360.0,66.1,66.9,6882.9400000000005,0.3095890410958904,C
7370.0,63.4,64.2,6882.9400000000005,0.3095890410958904,C
7375.0,62.1,62.8,6882.9400000000005,0.3095890410958904,C
7380.0,60.8,61.6,6882.9400000000005,0.3095890410958904,C
7390.0,58.2,58.9,6882.9400000000005,0.3095890410958904,C
7400.0,55.8,56.5,6882.9400000000005,0.3095890410958904,C
7425.0,50.1,50.7,6882.9400000000005,0.3095890410958904,C
7450.0,44.8,45.5,6882.9400000000005,0.3095890410958904,C
7475.0,40.0,40.7,6882.9400000000005,0.3095890410958904,C
7500.0,35.7,36.4,6882.9400000000005,0.3095890410958904,C
7525.0,31.8,32.4,6882.9400000000005,0.3095890410958904,C
7550.0,28.3,28.8,6882.9400000000005,0.3095890410958904,C
7575.0,25.1,25.6,6882.9400000000005,0.3095890410958904,C
7600.0,22.3,22.8,6882.9400000000005,0.3095890410958904,C
7625.0,19.7,20.2,6882.9400000000005,0.3095890410958904,C
7650.0,17.5,17.9,6882.9400000000005,0.3095890410958904,C
7675.0,15.5,15.9,6882.9400000000005,0.3095890410958904,C
7700.0,13.7,14.1,6882.9400000000005,0.3095890410958904,C
7725.0,12.1,12.6,6882.9400000000005,0.3095890410958904,C
7750.0,10.8,11.1,6882.9400000000005,0.3095890410958904,C
7775.0,9.5,9.9,6882.9400000000005,0.3095890410958904,C
7800.0,8.5,8.8,6882.9400000000005,0.3095890410958904,C
7825.0,7.5,7.9,6882.9400000000005,0.3095890410958904,C
7850.0,6.7,7.1,6882.9400000000005,0.3095890410958904,C
7875.0,6.0,6.3,6882.9400000000005,0.3095890410958904,C
7900.0,5.3,5.7,6882.9400000000005,0.3095890410958904,C
7950.0,4.3,4.6,6882.9400000000005,0.3095890410958904,C
8000.0,3.5,3.7,6882.9400000000005,0.3095890410958904,C
8100.0,2.35,2.55,6882.9400000000005,0.3095890410958904,C
8200.0,1.6,1.85,6882.9400000000005,0.3095890410958904,C
8300.0,1.15,1.35,6882.9400000000005,0.3095890410958904,C
8400.0,0.8,1.05,6882.9400000000005,0.3095890410958904,C
8500.0,0.5,0.85,6882.9400000000005,0.3095890410958904,C
8600.0,0.4,0.7,6882.9400000000005,0.3095890410958904,C
8800.0,0.25,0.5,6882.9400000000005,0.3095890410958904,C
9000.0,0.15,0.3,6882.9400000000005,0.3095890410958904,C
9200.0,0.1,0.35,6882.9400000000005,0.3095890410958904,C
9400.0,0.1,0.25,6882.9400000000005,0.3095890410958904,C
9600.0,0.0,0.15,6882.9400000000005,0.3095890410958904,C
10000.0,0.0,0.15,6882.9400000000005,0.3095890410958904,C
10400.0,0.0,0.15,6882.9400000000005,0.3095890410958904,C
11000.0,0.0,0.15,6882.9400000000005,0.3095890410958904,C
12000.0,0.0,0.05,6882.9400000000005,0.3095890410958904,C
12400.0,0.0,0.05,6882.9400000000005,0.3095890410958904,C
200.0,6656.6,6674.1,6882.9400000000005,0.3890410958904109,C
400.0,6459.4,6477.2,6882.9400000000005,0.3890410958904109,C
600.0,6262.5,6280.4,6882.9400000000005,0.3890410958904109,C
800.0,6066.0,6083.7,6882.9400000000005,0.3890410958904109,C
1000.0,5870.0,5885.9,6882.9400000000005,0.3890410958904109,C
1200.0,5672.6,5688.7,6882.9400000000005,0.3890410958904109,C
1400.0,5475.7,5492.0,6882.9400000000005,0.3890410958904109,C
1600.0,5280.1,5295.2,6882.9400000000005,0.3890410958904109,C
1800.0,5083.5,5098.8,6882.9400000000005,0.3890410958904109,C
2000.0,4886.9,4902.1,6882.9400000000005,0.3890410958904109,C
2200.0,4691.7,4705.4,6882.9400000000005,0.3890410958904109,C
2400.0,4495.0,4509.3,6882.9400000000005,0.3890410958904109,C
2500.0,4397.0,4411.1,6882.9400000000005,0.3890410958904109,C
2600.0,4299.1,4313.2,6882.9400000000005,0.3890410958904109,C
2700.0,4201.7,4215.4,6882.9400000000005,0.3890410958904109,C
2800.0,4103.6,4117.2,6882.9400000000005,0.3890410958904109,C
2900.0,4006.0,4019.0,6882.9400000000005,0.3890410958904109,C
3000.0,3908.2,3921.3,6882.9400000000005,0.3890410958904109,C
3100.0,3809.7,3823.4,6882.9400000000005,0.3890410958904109,C
3200.0,3712.8,3725.4,6882.9400000000005,0.3890410958904109,C
3300.0,3615.2,3627.7,6882.9400000000005,0.3890410958904109,C
3400.0,3517.3,3529.8,6882.9400000000005,0.3890410958904109,C
3500.0,3420.0,3432.0,6882.9400000000005,0.3890410958904109,C
3600.0,3322.5,3334.4,6882.9400000000005,0.3890410958904109,C
3650.0,3273.8,3285.5,6882.9400000000005,0.3890410958904109,C
3700.0,3224.8,3236.4,6882.9400000000005,0.3890410958904109,C
3750.0,3176.4,3187.9,6882.9400000000005,0.3890410958904109,C
3800.0,3127.6,3139.1,6882.9400000000005,0.3890410958904109,C
3850.0,3079.1,3090.4,6882.9400000000005,0.3890410958904109,C
3900.0,3030.4,3041.6,6882.9400000000005,0.3890410958904109,C
3950.0,2984.8,2988.8,6882.9400000000005,0.3890410958904109,C
4000.0,2935.9,2940.1,6882.9400000000005,0.3890410958904109,C
4050.0,2887.3,2891.4,6882.9400000000005,0.3890410958904109,C
4100.0,2838.9,2842.8,6882.9400000000005,0.3890410958904109,C
4150.0,2790.1,2794.2,6882.9400000000005,0.3890410958904109,C
4200.0,2741.6,2745.6,6882.9400000000005,0.3890410958904109,C
4225.0,2717.0,2721.8,6882.9400000000005,0.3890410958904109,C
4250.0,2693.0,2697.0,6882.9400000000005,0.3890410958904109,C
4275.0,2668.3,2673.1,6882.9400000000005,0.3890410958904109,C
4300.0,2644.5,2648.5,6882.9400000000005,0.3890410958904109,C
4325.0,2620.0,2624.5,6882.9400000000005,0.3890410958904109,C
4350.0,2596.0,2599.8,6882.9400000000005,0.3890410958904109,C
4375.0,2571.3,2576.0,6882.9400000000005,0.3890410958904109,C
4400.0,2547.6,2551.5,6882.9400000000005,0.3890410958904109,C
4425.0,2523.1,2527.5,6882.9400000000005,0.3890410958904109,C
4450.0,2499.2,2503.0,6882.9400000000005,0.3890410958904109,C
4475.0,2474.7,2479.0,6882.9400000000005,0.3890410958904109,C
4500.0,2450.8,2454.6,6882.9400000000005,0.3890410958904109,C
4525.0,2426.3,2430.6,6882.9400000000005,0.3890410958904109,C
4550.0,2402.5,2406.2,6882.9400000000005,0.3890410958904109,C
4575.0,2378.0,2382.3,6882.9400000000005,0.3890410958904109,C
4600.0,2354.3,2357.9,6882.9400000000005,0.3890410958904109,C
4625.0,2329.7,2333.9,6882.9400000000005,0.3890410958904109,C
4650.0,2305.8,2309.6,6882.9400000000005,0.3890410958904109,C
4675.0,2281.5,2285.7,6882.9400000000005,0.3890410958904109,C
4700.0,2257.7,2261.3,6882.9400000000005,0.3890410958904109,C
4725.0,2233.3,2237.6,6882.9400000000005,0.3890410958904109,C
4750.0,2209.5,2213.1,6882.9400000000005,0.3890410958904109,C
4775.0,2185.2,2189.3,6882.9400000000005,0.3890410958904109,C
4800.0,2161.4,2165.0,6882.9400000000005,0.3890410958904109,C
4825.0,2137.1,2141.3,6882.9400000000005,0.3890410958904109,C
4850.0,2113.4,2116.8,6882.9400000000005,0.3890410958904109,C
4875.0,2089.1,2093.1,6882.9400000000005,0.3890410958904109,C
4900.0,2065.5,2068.9,6882.9400000000005,0.3890410958904109,C
4925.0,2041.2,2045.2,6882.9400000000005,0.3890410958904109,C
4950.0,2017.5,2021.0,6882.9400000000005,0.3890410958904109,C
4975.0,1993.3,1997.4,6882.9400000000005,0.3890410958904109,C
5000.0,1969.7,1973.0,6882.9400000000005,0.3890410958904109,C
5025.0,1945.6,1949.4,6882.9400000000005,0.3890410958904109,C
5050.0,1922.0,1925.4,6882.9400000000005,0.3890410958904109,C
5075.0,1897.8,1901.9,6882.9400000000005,0.3890410958904109,C
5100.0,1874.3,1877.7,6882.9400000000005,0.3890410958904109,C
5125.0,1850.3,1854.1,6882.9400000000005,0.3890410958904109,C
5150.0,1826.8,1830.2,6882.9400000000005,0.3890410958904109,C
5175.0,1802.8,1806.6,6882.9400000000005,0.3890410958904109,C
5200.0,1779.4,1782.7,6882.9400000000005,0.3890410958904109,C
5225.0,1755.2,1759.2,6882.9400000000005,0.3890410958904109,C
5250.0,1732.2,1735.3,6882.9400000000005,0.3890410958904109,C
5275.0,1708.1,1712.0,6882.9400000000005,0.3890410958904109,C
5300.0,1685.0,1688.1,6882.9400000000005,0.3890410958904109,C
5325.0,1661.1,1664.7,6882.9400000000005,0.3890410958904109,C
5350.0,1637.8,1641.0,6882.9400000000005,0.3890410958904109,C
5375.0,1614.1,1617.7,6882.9400000000005,0.3890410958904109,C
5400.0,1590.9,1594.0,6882.9400000000005,0.3890410958904109,C
5425.0,1567.2,1570.9,6882.9400000000005,0.3890410958904109,C
5450.0,1544.1,1547.2,6882.9400000000005,0.3890410958904109,C
5475.0,1520.4,1524.1,6882.9400000000005,0.3890410958904109,C
5500.0,1497.6,1500.5,6882.9400000000005,0.3890410958904109,C
5525.0,1474.0,1477.5,6882.9400000000005,0.3890410958904109,C
5550.0,1451.2,1454.1,6882.9400000000005,0.3890410958904109,C
5575.0,1427.7,1431.1,6882.9400000000005,0.3890410958904109,C
5600.0,1404.8,1407.8,6882.9400000000005,0.3890410958904109,C
5625.0,1381.5,1384.8,6882.9400000000005,0.3890410958904109,C
5650.0,1358.8,1361.7,6882.9400000000005,0.3890410958904109,C
5675.0,1335.6,1338.9,6882.9400000000005,0.3890410958904109,C
5700.0,1313.0,1315.8,6882.9400000000005,0.3890410958904109,C
5725.0,1289.8,1292.9,6882.9400000000005,0.3890410958904109,C
5750.0,1267.3,1270.0,6882.9400000000005,0.3890410958904109,C
5775.0,1244.3,1247.5,6882.9400000000005,0.3890410958904109,C
5800.0,1221.9,1224.6,6882.9400000000005,0.3890410958904109,C
5825.0,1199.1,1202.2,6882.9400000000005,0.3890410958904109,C
5850.0,1176.7,1179.2,6882.9400000000005,0.3890410958904109,C
5875.0,1154.1,1157.1,6882.9400000000005,0.3890410958904109,C
5900.0,1131.9,1134.5,6882.9400000000005,0.3890410958904109,C
5925.0,1109.2,1112.3,6882.9400000000005,0.3890410958904109,C
5950.0,1087.3,1089.8,6882.9400000000005,0.3890410958904109,C
5970.0,1069.3,1072.2,6882.9400000000005,0.3890410958904109,C
5975.0,1064.9,1067.8,6882.9400000000005,0.3890410958904109,C
5980.0,1060.5,1063.4,6882.9400000000005,0.3890410958904109,C
5990.0,1051.6,1054.6,6882.9400000000005,0.3890410958904109,C
6000.0,1043.1,1045.6,6882.9400000000005,0.3890410958904109,C
6010.0,1034.0,1036.9,6882.9400000000005,0.3890410958904109,C
6020.0,1025.2,1028.1,6882.9400000000005,0.3890410958904109,C
6025.0,1020.8,1023.7,6882.9400000000005,0.3890410958904109,C
6030.0,1016.4,1019.3,6882.9400000000005,0.3890410958904109,C
6040.0,1007.6,1010.4,6882.9400000000005,0.3890410958904109,C
6050.0,999.0,1001.3,6882.9400000000005,0.3890410958904109,C
6060.0,990.1,992.9,6882.9400000000005,0.3890410958904109,C
6070.0,981.4,984.2,6882.9400000000005,0.3890410958904109,C
6075.0,977.0,979.9,6882.9400000000005,0.3890410958904109,C
6080.0,972.5,975.4,6882.9400000000005,0.3890410958904109,C
6090.0,963.9,966.7,6882.9400000000005,0.3890410958904109,C
6100.0,955.4,957.7,6882.9400000000005,0.3890410958904109,C
6110.0,946.4,949.3,6882.9400000000005,0.3890410958904109,C
6120.0,937.9,940.7,6882.9400000000005,0.3890410958904109,C
6125.0,933.4,936.4,6882.9400000000005,0.3890410958904109,C
6130.0,929.1,931.9,6882.9400000000005,0.3890410958904109,C
6140.0,920.5,923.4,6882.9400000000005,0.3890410958904109,C
6150.0,912.3,914.5,6882.9400000000005,0.3890410958904109,C
6160.0,903.4,906.1,6882.9400000000005,0.3890410958904109,C
6170.0,894.7,897.5,6882.9400000000005,0.3890410958904109,C
6175.0,890.4,893.1,6882.9400000000005,0.3890410958904109,C
6180.0,886.1,888.8,6882.9400000000005,0.3890410958904109,C
6190.0,877.7,880.3,6882.9400000000005,0.3890410958904109,C
6200.0,869.4,871.4,6882.9400000000005,0.3890410958904109,C
6210.0,860.6,863.2,6882.9400000000005,0.3890410958904109,C
6220.0,852.1,854.7,6882.9400000000005,0.3890410958904109,C
6225.0,847.7,850.3,6882.9400000000005,0.3890410958904109,C
6230.0,843.6,846.1,6882.9400000000005,0.3890410958904109,C
6240.0,835.1,837.7,6882.9400000000005,0.3890410958904109,C
6250.0,826.8,829.0,6882.9400000000005,0.3890410958904109,C
6260.0,818.2,820.8,6882.9400000000005,0.3890410958904109,C
6270.0,809.6,812.3,6882.9400000000005,0.3890410958904109,C
6275.0,805.4,808.0,6882.9400000000005,0.3890410958904109,C
6280.0,801.2,803.9,6882.9400000000005,0.3890410958904109,C
6290.0,792.8,795.4,6882.9400000000005,0.3890410958904109,C
6300.0,784.8,786.7,6882.9400000000005,0.3890410958904109,C
6310.0,776.2,778.7,6882.9400000000005,0.3890410958904109,C
6320.0,767.7,770.3,6882.9400000000005,0.3890410958904109,C
6325.0,763.7,766.1,6882.9400000000005,0.3890410958904109,C
6330.0,759.4,761.9,6882.9400000000005,0.3890410958904109,C
6340.0,751.2,753.6,6882.9400000000005,0.3890410958904109,C
6350.0,743.1,745.0,6882.9400000000005,0.3890410958904109,C
6360.0,734.5,737.0,6882.9400000000005,0.3890410958904109,C
6370.0,726.2,728.8,6882.9400000000005,0.3890410958904109,C
6375.0,722.1,724.8,6882.9400000000005,0.3890410958904109,C
6380.0,718.0,720.5,6882.9400000000005,0.3890410958904109,C
6390.0,709.9,712.4,6882.9400000000005,0.3890410958904109,C
6400.0,701.9,703.9,6882.9400000000005,0.3890410958904109,C
6410.0,693.4,696.0,6882.9400000000005,0.3890410958904109,C
6420.0,685.4,687.7,6882.9400000000005,0.3890410958904109,C
6425.0,681.2,683.8,6882.9400000000005,0.3890410958904109,C
6430.0,677.2,679.7,6882.9400000000005,0.3890410958904109,C
6440.0,669.2,671.6,6882.9400000000005,0.3890410958904109,C
6450.0,661.6,663.4,6882.9400000000005,0.3890410958904109,C
6460.0,653.5,655.3,6882.9400000000005,0.3890410958904109,C
6470.0,645.5,647.3,6882.9400000000005,0.3890410958904109,C
6475.0,641.5,643.2,6882.9400000000005,0.3890410958904109,C
6480.0,637.6,639.2,6882.9400000000005,0.3890410958904109,C
6490.0,629.6,631.2,6882.9400000000005,0.3890410958904109,C
6500.0,621.6,623.1,6882.9400000000005,0.3890410958904109,C
6510.0,613.6,615.2,6882.9400000000005,0.3890410958904109,C
6520.0,605.7,607.2,6882.9400000000005,0.3890410958904109,C
6525.0,601.7,603.3,6882.9400000000005,0.3890410958904109,C
6530.0,597.8,599.3,6882.9400000000005,0.3890410958904109,C
6540.0,589.9,591.4,6882.9400000000005,0.3890410958904109,C
6550.0,582.1,583.5,6882.9400000000005,0.3890410958904109,C
6560.0,574.2,575.8,6882.9400000000005,0.3890410958904109,C
6570.0,566.5,568.0,6882.9400000000005,0.3890410958904109,C
6575.0,562.5,564.0,6882.9400000000005,0.3890410958904109,C
6580.0,558.7,560.2,6882.9400000000005,0.3890410958904109,C
6590.0,551.0,552.4,6882.9400000000005,0.3890410958904109,C
6600.0,543.2,544.7,6882.9400000000005,0.3890410958904109,C
6610.0,535.6,537.0,6882.9400000000005,0.3890410958904109,C
6620.0,527.9,529.4,6882.9400000000005,0.3890410958904109,C
6625.0,524.1,525.5,6882.9400000000005,0.3890410958904109,C
6630.0,520.3,521.7,6882.9400000000005,0.3890410958904109,C
6640.0,512.7,514.1,6882.9400000000005,0.3890410958904109,C
6650.0,505.1,506.5,6882.9400000000005,0.3890410958904109,C
6660.0,497.6,499.0,6882.9400000000005,0.3890410958904109,C
6670.0,490.0,491.5,6882.9400000000005,0.3890410958904109,C
6675.0,486.3,487.8,6882.9400000000005,0.3890410958904109,C
6680.0,482.6,484.0,6882.9400000000005,0.3890410958904109,C
6690.0,475.1,476.6,6882.9400000000005,0.3890410958904109,C
6700.0,467.7,469.2,6882.9400000000005,0.3890410958904109,C
6710.0,460.3,461.8,6882.9400000000005,0.3890410958904109,C
6720.0,453.0,454.5,6882.9400000000005,0.3890410958904109,C
6725.0,449.3,450.7,6882.9400000000005,0.3890410958904109,C
6730.0,445.7,447.1,6882.9400000000005,0.3890410958904109,C
6740.0,438.4,439.8,6882.9400000000005,0.3890410958904109,C
6750.0,431.2,432.6,6882.9400000000005,0.3890410958904109,C
6760.0,424.0,425.4,6882.9400000000005,0.3890410958904109,C
6770.0,416.9,418.4,6882.9400000000005,0.3890410958904109,C
6775.0,413.3,414.7,6882.9400000000005,0.3890410958904109,C
6780.0,409.8,411.3,6882.9400000000005,0.3890410958904109,C
6790.0,402.7,404.1,6882.9400000000005,0.3890410958904109,C
6800.0,395.7,397.1,6882.9400000000005,0.3890410958904109,C
6810.0,388.7,390.1,6882.9400000000005,0.3890410958904109,C
6820.0,381.8,383.1,6882.9400000000005,0.3890410958904109,C
6825.0,378.3,379.7,6882.9400000000005,0.3890410958904109,C
6830.0,374.9,376.2,6882.9400000000005,0.3890410958904109,C
6840.0,368.1,369.4,6882.9400000000005,0.3890410958904109,C
6850.0,361.3,362.6,6882.9400000000005,0.3890410958904109,C
6860.0,354.5,355.8,6882.9400000000005,0.3890410958904109,C
6870.0,347.8,349.1,6882.9400000000005,0.3890410958904109,C
6875.0,344.4,345.8,6882.9400000000005,0.3890410958904109,C
6880.0,341.1,342.5,6882.9400000000005,0.3890410958904109,C
6890.0,334.5,335.9,6882.9400000000005,0.3890410958904109,C
6900.0,327.9,329.3,6882.9400000000005,0.3890410958904109,C
6910.0,321.4,322.8,6882.9400000000005,0.3890410958904109,C
6920.0,315.0,316.3,6882.9400000000005,0.3890410958904109,C
6925.0,311.8,313.1,6882.9400000000005,0.3890410958904109,C
6930.0,308.6,309.9,6882.9400000000005,0.3890410958904109,C
6940.0,302.2,303.6,6882.9400000000005,0.3890410958904109,C
6950.0,295.9,297.2,6882.9400000000005,0.3890410958904109,C
6960.0,289.7,291.0,6882.9400000000005,0.3890410958904109,C
6970.0,283.5,284.8,6882.9400000000005,0.3890410958904109,C
6975.0,280.4,281.8,6882.9400000000005,0.3890410958904109,C
6980.0,277.3,278.7,6882.9400000000005,0.3890410958904109,C
6990.0,271.3,272.6,6882.9400000000005,0.3890410958904109,C
7000.0,265.3,266.6,6882.9400000000005,0.3890410958904109,C
7010.0,259.3,260.6,6882.9400000000005,0.3890410958904109,C
7020.0,253.4,254.8,6882.9400000000005,0.3890410958904109,C
7025.0,250.5,251.8,6882.9400000000005,0.3890410958904109,C
7030.0,247.6,248.9,6882.9400000000005,0.3890410958904109,C
7040.0,241.8,243.1,6882.9400000000005,0.3890410958904109,C
7050.0,236.2,237.3,6882.9400000000005,0.3890410958904109,C
7060.0,230.5,231.7,6882.9400000000005,0.3890410958904109,C
7070.0,224.9,226.2,6882.9400000000005,0.3890410958904109,C
7075.0,222.1,223.4,6882.9400000000005,0.3890410958904109,C
7080.0,219.4,220.6,6882.9400000000005,0.3890410958904109,C
7090.0,213.9,215.2,6882.9400000000005,0.3890410958904109,C
7100.0,208.6,209.8,6882.9400000000005,0.3890410958904109,C
7110.0,203.3,204.5,6882.9400000000005,0.3890410958904109,C
7120.0,198.1,199.3,6882.9400000000005,0.3890410958904109,C
7125.0,195.5,196.8,6882.9400000000005,0.3890410958904109,C
7130.0,192.9,194.2,6882.9400000000005,0.3890410958904109,C
7140.0,187.8,189.1,6882.9400000000005,0.3890410958904109,C
7150.0,182.9,184.0,6882.9400000000005,0.3890410958904109,C
7160.0,177.9,179.1,6882.9400000000005,0.3890410958904109,C
7170.0,173.0,174.3,6882.9400000000005,0.3890410958904109,C
7175.0,170.6,171.8,6882.9400000000005,0.3890410958904109,C
7180.0,168.3,169.5,6882.9400000000005,0.3890410958904109,C
7190.0,163.6,164.7,6882.9400000000005,0.3890410958904109,C
7200.0,159.0,160.1,6882.9400000000005,0.3890410958904109,C
7210.0,154.4,155.6,6882.9400000000005,0.3890410958904109,C
7220.0,149.9,151.1,6882.9400000000005,0.3890410958904109,C
7225.0,147.7,148.9,6882.9400000000005,0.3890410958904109,C
7230.0,145.5,146.7,6882.9400000000005,0.3890410958904109,C
7240.0,141.2,142.4,6882.9400000000005,0.3890410958904109,C
7250.0,137.1,138.1,6882.9400000000005,0.3890410958904109,C
7260.0,132.9,134.0,6882.9400000000005,0.3890410958904109,C
7270.0,128.8,130.0,6882.9400000000005,0.3890410958904109,C
7275.0,126.8,128.0,6882.9400000000005,0.3890410958904109,C
7280.0,124.8,126.0,6882.9400000000005,0.3890410958904109,C
7290.0,120.9,122.1,6882.9400000000005,0.3890410958904109,C
7300.0,117.2,118.3,6882.9400000000005,0.3890410958904109,C
7310.0,113.4,114.5,6882.9400000000005,0.3890410958904109,C
7320.0,109.7,110.9,6882.9400000000005,0.3890410958904109,C
7325.0,107.9,109.1,6882.9400000000005,0.3890410958904109,C
7330.0,106.2,107.3,6882.9400000000005,0.3890410958904109,C
7340.0,102.7,103.9,6882.9400000000005,0.3890410958904109,C
7350.0,99.4,100.4,6882.9400000000005,0.3890410958904109,C
7360.0,95.9,97.1,6882.9400000000005,0.3890410958904109,C
7375.0,91.1,92.2,6882.9400000000005,0.3890410958904109,C
7400.0,83.6,84.4,6882.9400000000005,0.3890410958904109,C
7425.0,76.3,77.4,6882.9400000000005,0.3890410958904109,C
7450.0,69.7,70.5,6882.9400000000005,0.3890410958904109,C
7475.0,63.4,64.5,6882.9400000000005,0.3890410958904109,C
7500.0,57.8,58.5,6882.9400000000005,0.3890410958904109,C
7525.0,52.3,53.3,6882.9400000000005,0.3890410958904109,C
7550.0,47.5,48.4,6882.9400000000005,0.3890410958904109,C
7575.0,42.9,43.8,6882.9400000000005,0.3890410958904109,C
7600.0,38.9,39.7,6882.9400000000005,0.3890410958904109,C
7625.0,35.1,35.8,6882.9400000000005,0.3890410958904109,C
7650.0,31.7,32.4,6882.9400000000005,0.3890410958904109,C
7675.0,28.4,29.3,6882.9400000000005,0.3890410958904109,C
7700.0,25.7,26.3,6882.9400000000005,0.3890410958904109,C
7725.0,23.0,23.7,6882.9400000000005,0.3890410958904109,C
7750.0,20.8,21.4,6882.9400000000005,0.3890410958904109,C
7775.0,18.6,19.3,6882.9400000000005,0.3890410958904109,C
7800.0,16.8,17.3,6882.9400000000005,0.3890410958904109,C
7825.0,15.0,15.6,6882.9400000000005,0.3890410958904109,C
7850.0,13.5,14.1,6882.9400000000005,0.3890410958904109,C
7875.0,12.1,12.7,6882.9400000000005,0.3890410958904109,C
7900.0,11.0,11.5,6882.9400000000005,0.3890410958904109,C
7950.0,8.8,9.3,6882.9400000000005,0.3890410958904109,C
8000.0,7.2,7.6,6882.9400000000005,0.3890410958904109,C
8100.0,4.8,5.2,6882.9400000000005,0.3890410958904109,C
8200.0,3.3,3.6,6882.9400000000005,0.3890410958904109,C
8300.0,2.3,2.65,6882.9400000000005,0.3890410958904109,C
8400.0,1.65,1.95,6882.9400000000005,0.3890410958904109,C
8500.0,1.2,1.5,6882.9400000000005,0.3890410958904109,C
8600.0,0.85,1.15,6882.9400000000005,0.3890410958904109,C
8800.0,0.5,0.8,6882.9400000000005,0.3890410958904109,C
9000.0,0.35,0.6,6882.9400000000005,0.3890410958904109,C
9200.0,0.15,0.45,6882.9400000000005,0.3890410958904109,C
9400.0,0.1,0.35,6882.9400000000005,0.3890410958904109,C
9600.0,0.1,0.3,6882.9400000000005,0.3890410958904109,C
9800.0,0.1,0.3,6882.9400000000005,0.3890410958904109,C
10000.0,0.1,0.2,6882.9400000000005,0.3890410958904109,C
10200.0,0.1,0.2,6882.9400000000005,0.3890410958904109,C
10400.0,0.0,0.2,6882.9400000000005,0.3890410958904109,C
10800.0,0.0,0.15,6882.9400000000005,0.3890410958904109,C
11200.0,0.0,0.15,6882.9400000000005,0.3890410958904109,C
11600.0,0.0,0.15,6882.9400000000005,0.3890410958904109,C
12000.0,0.0,0.1,6882.9400000000005,0.3890410958904109,C
12400.0,0.0,0.1,6882.9400000000005,0.3890410958904109,C
200.0,6651.2,6668.7,6882.9400000000005,0.4849315068493151,C
400.0,6456.1,6472.6,6882.9400000000005,0.4849315068493151,C
600.0,6257.9,6278.4,6882.9400000000005,0.4849315068493151,C
800.0,6063.0,6080.5,6882.9400000000005,0.4849315068493151,C
1000.0,5867.1,5883.7,6882.9400000000005,0.4849315068493151,C
1200.0,5670.0,5687.2,6882.9400000000005,0.4849315068493151,C
1400.0,5475.8,5491.2,6882.9400000000005,0.4849315068493151,C
1600.0,5279.7,5295.4,6882.9400000000005,0.4849315068493151,C
1800.0,5083.7,5099.6,6882.9400000000005,0.4849315068493151,C
2000.0,4888.9,4904.2,6882.9400000000005,0.4849315068493151,C
2200.0,4693.3,4708.6,6882.9400000000005,0.4849315068493151,C
2400.0,4498.3,4512.9,6882.9400000000005,0.4849315068493151,C
2500.0,4401.1,4415.3,6882.9400000000005,0.4849315068493151,C
2600.0,4303.8,4317.8,6882.9400000000005,0.4849315068493151,C
2700.0,4206.1,4219.8,6882.9400000000005,0.4849315068493151,C
2800.0,4109.1,4122.9,6882.9400000000005,0.4849315068493151,C
2900.0,4012.0,4025.8,6882.9400000000005,0.4849315068493151,C
3000.0,3914.9,3928.4,6882.9400000000005,0.4849315068493151,C
3100.0,3817.7,3830.9,6882.9400000000005,0.4849315068493151,C
3200.0,3720.9,3733.9,6882.9400000000005,0.4849315068493151,C
3300.0,3623.5,3636.6,6882.9400000000005,0.4849315068493151,C
3400.0,3526.8,3539.4,6882.9400000000005,0.4849315068493151,C
3500.0,3429.2,3441.5,6882.9400000000005,0.4849315068493151,C
3600.0,3333.0,3345.2,6882.9400000000005,0.4849315068493151,C
3700.0,3236.1,3248.0,6882.9400000000005,0.4849315068493151,C
3750.0,3191.2,3195.7,6882.9400000000005,0.4849315068493151,C
3800.0,3142.8,3147.3,6882.9400000000005,0.4849315068493151,C
3850.0,3094.6,3098.9,6882.9400000000005,0.4849315068493151,C
3900.0,3046.1,3050.5,6882.9400000000005,0.4849315068493151,C
3950.0,2997.7,3002.1,6882.9400000000005,0.4849315068493151,C
4000.0,2949.6,2953.8,6882.9400000000005,0.4849315068493151,C
4050.0,2901.3,2905.5,6882.9400000000005,0.4849315068493151,C
4100.0,2852.9,2857.2,6882.9400000000005,0.4849315068493151,C
4150.0,2804.8,2808.9,6882.9400000000005,0.4849315068493151,C
4200.0,2756.5,2760.6,6882.9400000000005,0.4849315068493151,C
4250.0,2708.3,2712.4,6882.9400000000005,0.4849315068493151,C
4300.0,2660.1,2664.2,6882.9400000000005,0.4849315068493151,C
4350.0,2612.2,2616.0,6882.9400000000005,0.4849315068493151,C
4375.0,2587.7,2592.6,6882.9400000000005,0.4849315068493151,C
4400.0,2564.0,2568.0,6882.9400000000005,0.4849315068493151,C
4425.0,2539.7,2544.5,6882.9400000000005,0.4849315068493151,C
4450.0,2516.0,2519.9,6882.9400000000005,0.4849315068493151,C
4475.0,2491.5,2496.6,6882.9400000000005,0.4849315068493151,C
4500.0,2468.0,2471.9,6882.9400000000005,0.4849315068493151,C
4525.0,2443.8,2448.5,6882.9400000000005,0.4849315068493151,C
4550.0,2420.1,2424.0,6882.9400000000005,0.4849315068493151,C
4575.0,2395.7,2400.7,6882.9400000000005,0.4849315068493151,C
4600.0,2372.3,2376.1,6882.9400000000005,0.4849315068493151,C
4625.0,2348.1,2352.8,6882.9400000000005,0.4849315068493151,C
4650.0,2324.5,2328.2,6882.9400000000005,0.4849315068493151,C
4675.0,2300.2,2305.0,6882.9400000000005,0.4849315068493151,C
4700.0,2276.8,2280.5,6882.9400000000005,0.4849315068493151,C
4725.0,2252.5,2257.3,6882.9400000000005,0.4849315068493151,C
4750.0,2229.1,2232.8,6882.9400000000005,0.4849315068493151,C
4775.0,2204.9,2209.6,6882.9400000000005,0.4849315068493151,C
4800.0,2181.5,2185.2,6882.9400000000005,0.4849315068493151,C
4825.0,2157.3,2161.9,6882.9400000000005,0.4849315068493151,C
4850.0,2134.1,2137.7,6882.9400000000005,0.4849315068493151,C
4875.0,2109.9,2114.4,6882.9400000000005,0.4849315068493151,C
4900.0,2086.6,2090.2,6882.9400000000005,0.4849315068493151,C
4925.0,2062.7,2067.1,6882.9400000000005,0.4849315068493151,C
4950.0,2039.3,2042.8,6882.9400000000005,0.4849315068493151,C
4975.0,2015.3,2019.7,6882.9400000000005,0.4849315068493151,C
5000.0,1992.0,1995.5,6882.9400000000005,0.4849315068493151,C
5025.0,1968.2,1972.4,6882.9400000000005,0.4849315068493151,C
5050.0,1944.9,1948.4,6882.9400000000005,0.4849315068493151,C
5075.0,1921.0,1925.4,6882.9400000000005,0.4849315068493151,C
5100.0,1897.9,1901.3,6882.9400000000005,0.4849315068493151,C
5125.0,1874.2,1878.4,6882.9400000000005,0.4849315068493151,C
5150.0,1851.0,1854.4,6882.9400000000005,0.4849315068493151,C
5175.0,1827.4,1831.5,6882.9400000000005,0.4849315068493151,C
5200.0,1804.2,1807.6,6882.9400000000005,0.4849315068493151,C
5225.0,1780.7,1784.8,6882.9400000000005,0.4849315068493151,C
5250.0,1757.6,1760.9,6882.9400000000005,0.4849315068493151,C
5275.0,1734.0,1738.2,6882.9400000000005,0.4849315068493151,C
5300.0,1711.1,1714.5,6882.9400000000005,0.4849315068493151,C
5325.0,1687.6,1691.6,6882.9400000000005,0.4849315068493151,C
5350.0,1664.9,1668.1,6882.9400000000005,0.4849315068493151,C
5375.0,1641.5,1645.3,6882.9400000000005,0.4849315068493151,C
5400.0,1618.6,1621.9,6882.9400000000005,0.4849315068493151,C
5425.0,1595.4,1599.1,6882.9400000000005,0.4849315068493151,C
5450.0,1572.6,1575.7,6882.9400000000005,0.4849315068493151,C
5475.0,1549.5,1553.2,6882.9400000000005,0.4849315068493151,C
5500.0,1526.8,1530.0,6882.9400000000005,0.4849315068493151,C
5525.0,1503.7,1507.4,6882.9400000000005,0.4849315068493151,C
5550.0,1481.3,1484.3,6882.9400000000005,0.4849315068493151,C
5575.0,1458.3,1461.8,6882.9400000000005,0.4849315068493151,C
5600.0,1435.9,1438.7,6882.9400000000005,0.4849315068493151,C
5625.0,1412.8,1416.5,6882.9400000000005,0.4849315068493151,C
5650.0,1390.7,1393.6,6882.9400000000005,0.4849315068493151,C
5675.0,1367.7,1371.4,6882.9400000000005,0.4849315068493151,C
5700.0,1345.6,1348.5,6882.9400000000005,0.4849315068493151,C
5725.0,1322.9,1326.5,6882.9400000000005,0.4849315068493151,C
5750.0,1300.8,1303.7,6882.9400000000005,0.4849315068493151,C
5775.0,1278.3,1281.8,6882.9400000000005,0.4849315068493151,C
5800.0,1256.5,1259.2,6882.9400000000005,0.4849315068493151,C
5825.0,1234.1,1237.4,6882.9400000000005,0.4849315068493151,C
5850.0,1212.3,1214.9,6882.9400000000005,0.4849315068493151,C
5875.0,1190.0,1193.2,6882.9400000000005,0.4849315068493151,C
5900.0,1168.2,1171.0,6882.9400000000005,0.4849315068493151,C
5925.0,1146.1,1149.4,6882.9400000000005,0.4849315068493151,C
5950.0,1124.6,1127.3,6882.9400000000005,0.4849315068493151,C
5975.0,1102.7,1106.0,6882.9400000000005,0.4849315068493151,C
6000.0,1081.4,1083.9,6882.9400000000005,0.4849315068493151,C
6025.0,1059.5,1062.7,6882.9400000000005,0.4849315068493151,C
6040.0,1046.6,1049.8,6882.9400000000005,0.4849315068493151,C
6050.0,1038.3,1040.9,6882.9400000000005,0.4849315068493151,C
6060.0,1029.6,1032.6,6882.9400000000005,0.4849315068493151,C
6070.0,1021.1,1024.1,6882.9400000000005,0.4849315068493151,C
6075.0,1016.8,1019.8,6882.9400000000005,0.4849315068493151,C
6080.0,1012.4,1015.5,6882.9400000000005,0.4849315068493151,C
6090.0,1003.9,1007.1,6882.9400000000005,0.4849315068493151,C
6100.0,995.8,998.2,6882.9400000000005,0.4849315068493151,C
6110.0,986.9,990.0,6882.9400000000005,0.4849315068493151,C
6120.0,978.6,981.6,6882.9400000000005,0.4849315068493151,C
6125.0,974.2,977.3,6882.9400000000005,0.4849315068493151,C
6130.0,970.1,973.0,6882.9400000000005,0.4849315068493151,C
6140.0,961.7,964.6,6882.9400000000005,0.4849315068493151,C
6150.0,953.5,955.8,6882.9400000000005,0.4849315068493151,C
6160.0,944.7,947.7,6882.9400000000005,0.4849315068493151,C
6170.0,936.3,939.3,6882.9400000000005,0.4849315068493151,C
6175.0,932.1,935.1,6882.9400000000005,0.4849315068493151,C
6180.0,928.1,930.9,6882.9400000000005,0.4849315068493151,C
6190.0,919.7,922.5,6882.9400000000005,0.4849315068493151,C
6200.0,911.5,913.9,6882.9400000000005,0.4849315068493151,C
6210.0,903.0,905.8,6882.9400000000005,0.4849315068493151,C
6220.0,894.7,897.5,6882.9400000000005,0.4849315068493151,C
6225.0,890.4,893.3,6882.9400000000005,0.4849315068493151,C
6230.0,886.4,889.1,6882.9400000000005,0.4849315068493151,C
6240.0,878.0,880.9,6882.9400000000005,0.4849315068493151,C
6250.0,870.0,872.3,6882.9400000000005,0.4849315068493151,C
6260.0,861.4,864.3,6882.9400000000005,0.4849315068493151,C
6270.0,853.3,856.0,6882.9400000000005,0.4849315068493151,C
6275.0,849.1,852.0,6882.9400000000005,0.4849315068493151,C
6280.0,845.1,847.8,6882.9400000000005,0.4849315068493151,C
6290.0,836.9,839.6,6882.9400000000005,0.4849315068493151,C
6300.0,828.8,830.9,6882.9400000000005,0.4849315068493151,C
6310.0,820.5,823.2,6882.9400000000005,0.4849315068493151,C
6320.0,812.2,815.1,6882.9400000000005,0.4849315068493151,C
6325.0,808.2,811.0,6882.9400000000005,0.4849315068493151,C
6330.0,804.2,806.9,6882.9400000000005,0.4849315068493151,C
6340.0,796.1,798.7,6882.9400000000005,0.4849315068493151,C
6350.0,788.1,790.4,6882.9400000000005,0.4849315068493151,C
6360.0,779.9,782.5,6882.9400000000005,0.4849315068493151,C
6370.0,771.7,774.5,6882.9400000000005,0.4849315068493151,C
6375.0,767.7,770.5,6882.9400000000005,0.4849315068493151,C
6380.0,763.7,766.5,6882.9400000000005,0.4849315068493151,C
6390.0,755.6,758.5,6882.9400000000005,0.4849315068493151,C
6400.0,748.0,749.8,6882.9400000000005,0.4849315068493151,C
6410.0,740.0,741.9,6882.9400000000005,0.4849315068493151,C
6420.0,732.0,733.9,6882.9400000000005,0.4849315068493151,C
6425.0,728.2,729.9,6882.9400000000005,0.4849315068493151,C
6430.0,724.1,725.9,6882.9400000000005,0.4849315068493151,C
6440.0,716.1,718.0,6882.9400000000005,0.4849315068493151,C
6450.0,708.3,710.1,6882.9400000000005,0.4849315068493151,C
6460.0,700.5,702.2,6882.9400000000005,0.4849315068493151,C
6470.0,692.7,694.3,6882.9400000000005,0.4849315068493151,C
6475.0,688.7,690.4,6882.9400000000005,0.4849315068493151,C
6480.0,684.8,686.5,6882.9400000000005,0.4849315068493151,C
6490.0,677.0,678.6,6882.9400000000005,0.4849315068493151,C
6500.0,669.2,670.8,6882.9400000000005,0.4849315068493151,C
6510.0,661.4,663.0,6882.9400000000005,0.4849315068493151,C
6520.0,653.6,655.3,6882.9400000000005,0.4849315068493151,C
6525.0,649.7,651.4,6882.9400000000005,0.4849315068493151,C
6530.0,645.9,647.5,6882.9400000000005,0.4849315068493151,C
6540.0,638.1,639.8,6882.9400000000005,0.4849315068493151,C
6550.0,630.4,632.1,6882.9400000000005,0.4849315068493151,C
6560.0,622.8,624.5,6882.9400000000005,0.4849315068493151,C
6570.0,615.1,616.8,6882.9400000000005,0.4849315068493151,C
6575.0,611.3,613.0,6882.9400000000005,0.4849315068493151,C
6580.0,607.5,609.2,6882.9400000000005,0.4849315068493151,C
6590.0,599.9,601.6,6882.9400000000005,0.4849315068493151,C
6600.0,592.3,594.0,6882.9400000000005,0.4849315068493151,C
6610.0,584.8,586.4,6882.9400000000005,0.4849315068493151,C
6620.0,577.2,578.9,6882.9400000000005,0.4849315068493151,C
6625.0,573.5,575.2,6882.9400000000005,0.4849315068493151,C
6630.0,569.7,571.4,6882.9400000000005,0.4849315068493151,C
6640.0,562.3,564.0,6882.9400000000005,0.4849315068493151,C
6650.0,554.8,556.5,6882.9400000000005,0.4849315068493151,C
6660.0,547.4,549.1,6882.9400000000005,0.4849315068493151,C
6670.0,540.0,541.7,6882.9400000000005,0.4849315068493151,C
6675.0,536.3,538.0,6882.9400000000005,0.4849315068493151,C
6680.0,532.7,534.3,6882.9400000000005,0.4849315068493151,C
6690.0,525.3,527.0,6882.9400000000005,0.4849315068493151,C
6700.0,518.1,519.7,6882.9400000000005,0.4849315068493151,C
6710.0,510.8,512.5,6882.9400000000005,0.4849315068493151,C
6720.0,503.6,505.0,6882.9400000000005,0.4849315068493151,C
6725.0,500.0,501.4,6882.9400000000005,0.4849315068493151,C
6730.0,496.4,497.8,6882.9400000000005,0.4849315068493151,C
6740.0,489.2,490.6,6882.9400000000005,0.4849315068493151,C
6750.0,482.1,483.4,6882.9400000000005,0.4849315068493151,C
6760.0,474.9,476.4,6882.9400000000005,0.4849315068493151,C
6770.0,467.9,469.3,6882.9400000000005,0.4849315068493151,C
6775.0,464.4,465.8,6882.9400000000005,0.4849315068493151,C
6780.0,460.9,462.5,6882.9400000000005,0.4849315068493151,C
6790.0,453.9,455.3,6882.9400000000005,0.4849315068493151,C
6800.0,447.0,448.3,6882.9400000000005,0.4849315068493151,C
6810.0,439.9,441.4,6882.9400000000005,0.4849315068493151,C
6820.0,433.0,434.5,6882.9400000000005,0.4849315068493151,C
6825.0,429.6,431.1,6882.9400000000005,0.4849315068493151,C
6830.0,426.3,427.8,6882.9400000000005,0.4849315068493151,C
6840.0,419.5,421.0,6882.9400000000005,0.4849315068493151,C
6850.0,412.7,414.0,6882.9400000000005,0.4849315068493151,C
6860.0,405.9,407.3,6882.9400000000005,0.4849315068493151,C
6870.0,399.2,400.6,6882.9400000000005,0.4849315068493151,C
6875.0,395.8,397.3,6882.9400000000005,0.4849315068493151,C
6880.0,392.5,394.0,6882.9400000000005,0.4849315068493151,C
6890.0,386.0,387.5,6882.9400000000005,0.4849315068493151,C
6900.0,379.5,380.7,6882.9400000000005,0.4849315068493151,C
6910.0,372.9,374.4,6882.9400000000005,0.4849315068493151,C
6920.0,366.3,367.9,6882.9400000000005,0.4849315068493151,C
6925.0,363.1,364.7,6882.9400000000005,0.4849315068493151,C
6930.0,360.0,361.3,6882.9400000000005,0.4849315068493151,C
6940.0,353.5,354.9,6882.9400000000005,0.4849315068493151,C
6950.0,347.3,348.5,6882.9400000000005,0.4849315068493151,C
6960.0,340.9,342.5,6882.9400000000005,0.4849315068493151,C
6970.0,334.7,336.0,6882.9400000000005,0.4849315068493151,C
6975.0,331.6,332.9,6882.9400000000005,0.4849315068493151,C
6980.0,328.5,329.8,6882.9400000000005,0.4849315068493151,C
6990.0,322.3,323.9,6882.9400000000005,0.4849315068493151,C
7000.0,316.3,317.5,6882.9400000000005,0.4849315068493151,C
7010.0,310.2,311.5,6882.9400000000005,0.4849315068493151,C
7020.0,304.2,305.5,6882.9400000000005,0.4849315068493151,C
7025.0,301.2,302.5,6882.9400000000005,0.4849315068493151,C
7030.0,298.2,299.5,6882.9400000000005,0.4849315068493151,C
7040.0,292.3,293.6,6882.9400000000005,0.4849315068493151,C
7050.0,286.5,287.8,6882.9400000000005,0.4849315068493151,C
7060.0,280.7,282.0,6882.9400000000005,0.4849315068493151,C
7070.0,275.0,276.3,6882.9400000000005,0.4849315068493151,C
7075.0,272.1,273.4,6882.9400000000005,0.4849315068493151,C
7080.0,269.3,270.6,6882.9400000000005,0.4849315068493151,C
7090.0,263.7,265.0,6882.9400000000005,0.4849315068493151,C
7100.0,258.1,259.4,6882.9400000000005,0.4849315068493151,C
7110.0,252.6,253.9,6882.9400000000005,0.4849315068493151,C
7120.0,247.1,248.4,6882.9400000000005,0.4849315068493151,C
7125.0,244.5,245.7,6882.9400000000005,0.4849315068493151,C
7130.0,241.8,243.0,6882.9400000000005,0.4849315068493151,C
7140.0,236.4,237.7,6882.9400000000005,0.4849315068493151,C
7150.0,231.2,232.4,6882.9400000000005,0.4849315068493151,C
7160.0,226.0,227.2,6882.9400000000005,0.4849315068493151,C
7170.0,220.8,222.1,6882.9400000000005,0.4849315068493151,C
7175.0,218.3,219.5,6882.9400000000005,0.4849315068493151,C
7180.0,215.8,217.0,6882.9400000000005,0.4849315068493151,C
7190.0,210.8,212.0,6882.9400000000005,0.4849315068493151,C
7200.0,205.8,207.0,6882.9400000000005,0.4849315068493151,C
7210.0,200.9,202.2,6882.9400000000005,0.4849315068493151,C
7220.0,196.1,197.4,6882.9400000000005,0.4849315068493151,C
7225.0,193.8,195.0,6882.9400000000005,0.4849315068493151,C
7230.0,191.4,192.6,6882.9400000000005,0.4849315068493151,C
7240.0,186.7,187.9,6882.9400000000005,0.4849315068493151,C
7250.0,182.1,183.3,6882.9400000000005,0.4849315068493151,C
7260.0,177.6,178.8,6882.9400000000005,0.4849315068493151,C
7275.0,170.9,172.1,6882.9400000000005,0.4849315068493151,C
7300.0,160.1,161.2,6882.9400000000005,0.4849315068493151,C
7325.0,149.8,150.9,6882.9400000000005,0.4849315068493151,C
7350.0,139.9,141.0,6882.9400000000005,0.4849315068493151,C
7375.0,130.5,131.6,6882.9400000000005,0.4849315068493151,C
7400.0,121.5,122.6,6882.9400000000005,0.4849315068493151,C
7425.0,112.9,113.9,6882.9400000000005,0.4849315068493151,C
7450.0,104.9,105.8,6882.9400000000005,0.4849315068493151,C
7475.0,97.1,98.3,6882.9400000000005,0.4849315068493151,C
7500.0,90.0,90.9,6882.9400000000005,0.4849315068493151,C
7525.0,83.1,84.2,6882.9400000000005,0.4849315068493151,C
7550.0,76.8,77.6,6882.9400000000005,0.4849315068493151,C
7575.0,70.7,71.8,6882.9400000000005,0.4849315068493151,C
7600.0,65.1,66.0,6882.9400000000005,0.4849315068493151,C
7625.0,59.9,60.7,6882.9400000000005,0.4849315068493151,C
7650.0,55.1,55.8,6882.9400000000005,0.4849315068493151,C
7675.0,50.5,51.5,6882.9400000000005,0.4849315068493151,C
7700.0,46.4,47.1,6882.9400000000005,0.4849315068493151,C
7725.0,42.4,43.2,6882.9400000000005,0.4849315068493151,C
7750.0,38.9,39.8,6882.9400000000005,0.4849315068493151,C
7775.0,35.5,36.4,6882.9400000000005,0.4849315068493151,C
7800.0,32.5,33.3,6882.9400000000005,0.4849315068493151,C
7825.0,29.6,30.5,6882.9400000000005,0.4849315068493151,C
7850.0,27.1,27.7,6882.9400000000005,0.4849315068493151,C
7875.0,24.7,25.5,6882.9400000000005,0.4849315068493151,C
7900.0,22.6,23.2,6882.9400000000005,0.4849315068493151,C
7950.0,18.8,19.3,6882.9400000000005,0.4849315068493151,C
8000.0,15.6,16.1,6882.9400000000005,0.4849315068493151,C
8100.0,10.8,11.3,6882.9400000000005,0.4849315068493151,C
8200.0,7.6,8.0,6882.9400000000005,0.4849315068493151,C
8300.0,5.3,5.7,6882.9400000000005,0.4849315068493151,C
8400.0,3.8,4.2,6882.9400000000005,0.4849315068493151,C
8500.0,2.8,3.2,6882.9400000000005,0.4849315068493151,C
8600.0,2.05,2.4,6882.9400000000005,0.4849315068493151,C
8800.0,1.15,1.5,6882.9400000000005,0.4849315068493151,C
9000.0,0.7,0.95,6882.9400000000005,0.4849315068493151,C
9200.0,0.45,0.7,6882.9400000000005,0.4849315068493151,C
9400.0,0.3,0.6,6882.9400000000005,0.4849315068493151,C
9600.0,0.2,0.5,6882.9400000000005,0.4849315068493151,C
9800.0,0.15,0.4,6882.9400000000005,0.4849315068493151,C
10000.0,0.1,0.3,6882.9400000000005,0.4849315068493151,C
10200.0,0.1,0.3,6882.9400000000005,0.4849315068493151,C
10400.0,0.1,0.25,6882.9400000000005,0.4849315068493151,C
10600.0,0.1,0.25,6882.9400000000005,0.4849315068493151,C
10800.0,0.0,0.2,6882.9400000000005,0.4849315068493151,C
11200.0,0.0,0.2,6882.9400000000005,0.4849315068493151,C
11600.0,0.0,0.15,6882.9400000000005,0.4849315068493151,C
12000.0,0.0,0.15,6882.9400000000005,0.4849315068493151,C
12400.0,0.0,0.15,6882.9400000000005,0.4849315068493151,C
200.0,6644.4,6664.9,6882.9400000000005,0.5616438356164384,C
400.0,6450.1,6469.4,6882.9400000000005,0.5616438356164384,C
600.0,6251.8,6272.6,6882.9400000000005,0.5616438356164384,C
800.0,6058.7,6077.2,6882.9400000000005,0.5616438356164384,C
1000.0,5863.4,5880.4,6882.9400000000005,0.5616438356164384,C
1200.0,5667.3,5685.0,6882.9400000000005,0.5616438356164384,C
1400.0,5472.4,5489.8,6882.9400000000005,0.5616438356164384,C
1600.0,5278.1,5294.4,6882.9400000000005,0.5616438356164384,C
1800.0,5082.8,5099.2,6882.9400000000005,0.5616438356164384,C
2000.0,4888.6,4904.7,6882.9400000000005,0.5616438356164384,C
2200.0,4694.4,4709.9,6882.9400000000005,0.5616438356164384,C
2300.0,4597.2,4612.5,6882.9400000000005,0.5616438356164384,C
2400.0,4500.0,4515.0,6882.9400000000005,0.5616438356164384,C
2500.0,4403.2,4417.8,6882.9400000000005,0.5616438356164384,C
2600.0,4305.9,4320.5,6882.9400000000005,0.5616438356164384,C
2700.0,4209.2,4223.6,6882.9400000000005,0.5616438356164384,C
2800.0,4112.4,4126.6,6882.9400000000005,0.5616438356164384,C
2900.0,4015.5,4029.5,6882.9400000000005,0.5616438356164384,C
3000.0,3918.8,3932.9,6882.9400000000005,0.5616438356164384,C
3100.0,3822.3,3836.0,6882.9400000000005,0.5616438356164384,C
3200.0,3725.9,3738.9,6882.9400000000005,0.5616438356164384,C
3300.0,3629.3,3642.5,6882.9400000000005,0.5616438356164384,C
3400.0,3532.5,3545.4,6882.9400000000005,0.5616438356164384,C
3450.0,3484.6,3497.4,6882.9400000000005,0.5616438356164384,C
3500.0,3436.3,3448.9,6882.9400000000005,0.5616438356164384,C
3550.0,3388.1,3400.6,6882.9400000000005,0.5616438356164384,C
3600.0,3343.1,3348.0,6882.9400000000005,0.5616438356164384,C
3650.0,3294.9,3299.8,6882.9400000000005,0.5616438356164384,C
3700.0,3246.9,3251.5,6882.9400000000005,0.5616438356164384,C
3750.0,3198.7,3203.5,6882.9400000000005,0.5616438356164384,C
3800.0,3150.6,3155.2,6882.9400000000005,0.5616438356164384,C
3850.0,3102.3,3107.0,6882.9400000000005,0.5616438356164384,C
3900.0,3054.2,3058.9,6882.9400000000005,0.5616438356164384,C
3950.0,3006.3,3010.8,6882.9400000000005,0.5616438356164384,C
3975.0,2981.7,2987.4,6882.9400000000005,0.5616438356164384,C
4000.0,2958.1,2962.7,6882.9400000000005,0.5616438356164384,C
4025.0,2933.7,2939.3,6882.9400000000005,0.5616438356164384,C
4050.0,2910.1,2914.8,6882.9400000000005,0.5616438356164384,C
4075.0,2885.7,2891.3,6882.9400000000005,0.5616438356164384,C
4100.0,2862.1,2866.6,6882.9400000000005,0.5616438356164384,C
4125.0,2837.8,2843.3,6882.9400000000005,0.5616438356164384,C
4150.0,2814.3,2818.6,6882.9400000000005,0.5616438356164384,C
4175.0,2789.9,2795.4,6882.9400000000005,0.5616438356164384,C
4200.0,2766.4,2770.7,6882.9400000000005,0.5616438356164384,C
4225.0,2741.9,2747.3,6882.9400000000005,0.5616438356164384,C
4250.0,2718.4,2722.7,6882.9400000000005,0.5616438356164384,C
4275.0,2694.1,2699.5,6882.9400000000005,0.5616438356164384,C
4300.0,2670.7,2674.9,6882.9400000000005,0.5616438356164384,C
4325.0,2646.3,2651.6,6882.9400000000005,0.5616438356164384,C
4350.0,2622.8,2627.1,6882.9400000000005,0.5616438356164384,C
4375.0,2598.6,2603.8,6882.9400000000005,0.5616438356164384,C
4400.0,2575.1,2579.4,6882.9400000000005,0.5616438356164384,C
4425.0,2550.9,2556.0,6882.9400000000005,0.5616438356164384,C
4450.0,2527.5,2531.6,6882.9400000000005,0.5616438356164384,C
4475.0,2503.2,2508.3,6882.9400000000005,0.5616438356164384,C
4500.0,2479.8,2484.0,6882.9400000000005,0.5616438356164384,C
4525.0,2455.7,2460.8,6882.9400000000005,0.5616438356164384,C
4550.0,2432.2,2436.3,6882.9400000000005,0.5616438356164384,C
4575.0,2408.1,2413.1,6882.9400000000005,0.5616438356164384,C
4600.0,2384.9,2388.8,6882.9400000000005,0.5616438356164384,C
4625.0,2360.7,2365.7,6882.9400000000005,0.5616438356164384,C
4650.0,2337.3,2341.3,6882.9400000000005,0.5616438356164384,C
4675.0,2313.3,2318.2,6882.9400000000005,0.5616438356164384,C
4700.0,2290.1,2293.9,6882.9400000000005,0.5616438356164384,C
4725.0,2265.9,2270.9,6882.9400000000005,0.5616438356164384,C
4750.0,2242.7,2246.6,6882.9400000000005,0.5616438356164384,C
4775.0,2218.8,2223.5,6882.9400000000005,0.5616438356164384,C
4800.0,2195.5,2199.6,6882.9400000000005,0.5616438356164384,C
4825.0,2171.7,2176.4,6882.9400000000005,0.5616438356164384,C
4850.0,2148.6,2152.3,6882.9400000000005,0.5616438356164384,C
4875.0,2124.7,2129.3,6882.9400000000005,0.5616438356164384,C
4900.0,2101.6,2105.2,6882.9400000000005,0.5616438356164384,C
4925.0,2077.6,2082.3,6882.9400000000005,0.5616438356164384,C
4950.0,2054.7,2058.4,6882.9400000000005,0.5616438356164384,C
4975.0,2030.7,2035.5,6882.9400000000005,0.5616438356164384,C
5000.0,2007.8,2011.5,6882.9400000000005,0.5616438356164384,C
5025.0,1984.2,1988.7,6882.9400000000005,0.5616438356164384,C
5050.0,1961.3,1964.8,6882.9400000000005,0.5616438356164384,C
5075.0,1937.6,1942.0,6882.9400000000005,0.5616438356164384,C
5100.0,1914.7,1918.3,6882.9400000000005,0.5616438356164384,C
5125.0,1891.1,1895.5,6882.9400000000005,0.5616438356164384,C
5150.0,1868.2,1871.9,6882.9400000000005,0.5616438356164384,C
5175.0,1844.8,1849.1,6882.9400000000005,0.5616438356164384,C
5200.0,1821.9,1825.6,6882.9400000000005,0.5616438356164384,C
5225.0,1798.6,1802.9,6882.9400000000005,0.5616438356164384,C
5250.0,1775.9,1779.4,6882.9400000000005,0.5616438356164384,C
5275.0,1752.6,1756.8,6882.9400000000005,0.5616438356164384,C
5300.0,1730.0,1733.4,6882.9400000000005,0.5616438356164384,C
5325.0,1706.6,1710.9,6882.9400000000005,0.5616438356164384,C
5350.0,1684.1,1687.6,6882.9400000000005,0.5616438356164384,C
5375.0,1660.9,1665.1,6882.9400000000005,0.5616438356164384,C
5400.0,1638.6,1641.9,6882.9400000000005,0.5616438356164384,C
5425.0,1615.4,1619.6,6882.9400000000005,0.5616438356164384,C
5450.0,1593.2,1596.3,6882.9400000000005,0.5616438356164384,C
5475.0,1570.2,1574.1,6882.9400000000005,0.5616438356164384,C
5500.0,1547.9,1551.1,6882.9400000000005,0.5616438356164384,C
5525.0,1525.1,1528.8,6882.9400000000005,0.5616438356164384,C
5550.0,1502.8,1506.0,6882.9400000000005,0.5616438356164384,C
5575.0,1480.2,1483.7,6882.9400000000005,0.5616438356164384,C
5600.0,1458.1,1460.9,6882.9400000000005,0.5616438356164384,C
5625.0,1435.5,1439.2,6882.9400000000005,0.5616438356164384,C
5650.0,1413.4,1416.5,6882.9400000000005,0.5616438356164384,C
5675.0,1391.0,1394.7,6882.9400000000005,0.5616438356164384,C
5700.0,1369.2,1372.1,6882.9400000000005,0.5616438356164384,C
5725.0,1346.8,1350.4,6882.9400000000005,0.5616438356164384,C
5750.0,1325.1,1327.8,6882.9400000000005,0.5616438356164384,C
5775.0,1302.7,1306.3,6882.9400000000005,0.5616438356164384,C
5800.0,1281.3,1284.1,6882.9400000000005,0.5616438356164384,C
5825.0,1259.2,1262.7,6882.9400000000005,0.5616438356164384,C
5850.0,1237.6,1240.5,6882.9400000000005,0.5616438356164384,C
5875.0,1215.8,1219.2,6882.9400000000005,0.5616438356164384,C
5900.0,1194.5,1197.2,6882.9400000000005,0.5616438356164384,C
5925.0,1172.7,1176.1,6882.9400000000005,0.5616438356164384,C
5950.0,1151.5,1154.2,6882.9400000000005,0.5616438356164384,C
5975.0,1129.8,1133.2,6882.9400000000005,0.5616438356164384,C
6000.0,1108.8,1111.5,6882.9400000000005,0.5616438356164384,C
6025.0,1087.3,1090.7,6882.9400000000005,0.5616438356164384,C
6050.0,1066.6,1069.2,6882.9400000000005,0.5616438356164384,C
6075.0,1045.3,1048.6,6882.9400000000005,0.5616438356164384,C
6100.0,1024.5,1027.1,6882.9400000000005,0.5616438356164384,C
6125.0,1003.4,1006.7,6882.9400000000005,0.5616438356164384,C
6150.0,982.9,985.4,6882.9400000000005,0.5616438356164384,C
6175.0,962.1,965.1,6882.9400000000005,0.5616438356164384,C
6200.0,941.7,944.1,6882.9400000000005,0.5616438356164384,C
6225.0,921.1,924.0,6882.9400000000005,0.5616438356164384,C
6250.0,900.8,903.3,6882.9400000000005,0.5616438356164384,C
6275.0,880.3,883.3,6882.9400000000005,0.5616438356164384,C
6300.0,860.5,862.8,6882.9400000000005,0.5616438356164384,C
6325.0,840.2,843.0,6882.9400000000005,0.5616438356164384,C
6350.0,820.4,822.6,6882.9400000000005,0.5616438356164384,C
6375.0,800.7,802.4,6882.9400000000005,0.5616438356164384,C
6400.0,781.0,782.6,6882.9400000000005,0.5616438356164384,C
6425.0,761.3,763.0,6882.9400000000005,0.5616438356164384,C
6450.0,742.1,743.5,6882.9400000000005,0.5616438356164384,C
6475.0,722.7,724.1,6882.9400000000005,0.5616438356164384,C
6500.0,703.4,704.8,6882.9400000000005,0.5616438356164384,C
6525.0,684.3,685.7,6882.9400000000005,0.5616438356164384,C
6550.0,665.3,666.7,6882.9400000000005,0.5616438356164384,C
6575.0,646.4,647.9,6882.9400000000005,0.5616438356164384,C
6600.0,627.8,629.1,6882.9400000000005,0.5616438356164384,C
6625.0,609.1,610.6,6882.9400000000005,0.5616438356164384,C
6650.0,590.8,592.2,6882.9400000000005,0.5616438356164384,C
6675.0,572.5,573.9,6882.9400000000005,0.5616438356164384,C
6700.0,554.5,555.8,6882.9400000000005,0.5616438356164384,C
6725.0,536.5,537.9,6882.9400000000005,0.5616438356164384,C
6750.0,518.8,520.2,6882.9400000000005,0.5616438356164384,C
6775.0,501.3,502.7,6882.9400000000005,0.5616438356164384,C
6800.0,483.9,485.2,6882.9400000000005,0.5616438356164384,C
6825.0,466.8,468.2,6882.9400000000005,0.5616438356164384,C
6850.0,449.9,451.3,6882.9400000000005,0.5616438356164384,C
6875.0,433.2,434.6,6882.9400000000005,0.5616438356164384,C
6900.0,416.8,418.1,6882.9400000000005,0.5616438356164384,C
6925.0,400.5,401.7,6882.9400000000005,0.5616438356164384,C
6950.0,384.6,385.8,6882.9400000000005,0.5616438356164384,C
6975.0,368.9,370.1,6882.9400000000005,0.5616438356164384,C
7000.0,353.4,354.5,6882.9400000000005,0.5616438356164384,C
7025.0,338.3,339.3,6882.9400000000005,0.5616438356164384,C
7050.0,323.4,324.4,6882.9400000000005,0.5616438356164384,C
7075.0,308.8,309.8,6882.9400000000005,0.5616438356164384,C
7100.0,294.5,295.5,6882.9400000000005,0.5616438356164384,C
7125.0,280.6,281.6,6882.9400000000005,0.5616438356164384,C
7150.0,266.9,267.9,6882.9400000000005,0.5616438356164384,C
7175.0,253.7,254.7,6882.9400000000005,0.5616438356164384,C
7200.0,240.7,241.7,6882.9400000000005,0.5616438356164384,C
7225.0,228.2,229.4,6882.9400000000005,0.5616438356164384,C
7250.0,216.0,217.0,6882.9400000000005,0.5616438356164384,C
7275.0,204.2,205.2,6882.9400000000005,0.5616438356164384,C
7300.0,192.8,193.8,6882.9400000000005,0.5616438356164384,C
7325.0,181.7,182.8,6882.9400000000005,0.5616438356164384,C
7350.0,171.1,172.1,6882.9400000000005,0.5616438356164384,C
7375.0,160.9,161.9,6882.9400000000005,0.5616438356164384,C
7400.0,151.2,152.2,6882.9400000000005,0.5616438356164384,C
7425.0,141.8,142.8,6882.9400000000005,0.5616438356164384,C
7450.0,132.8,133.8,6882.9400000000005,0.5616438356164384,C
7475.0,124.3,125.3,6882.9400000000005,0.5616438356164384,C
7500.0,116.2,117.1,6882.9400000000005,0.5616438356164384,C
7525.0,108.4,109.3,6882.9400000000005,0.5616438356164384,C
7550.0,101.1,102.0,6882.9400000000005,0.5616438356164384,C
7575.0,94.2,95.1,6882.9400000000005,0.5616438356164384,C
7600.0,87.6,88.5,6882.9400000000005,0.5616438356164384,C
7625.0,81.4,82.3,6882.9400000000005,0.5616438356164384,C
7650.0,75.6,76.4,6882.9400000000005,0.5616438356164384,C
7675.0,70.1,71.0,6882.9400000000005,0.5616438356164384,C
7700.0,64.9,65.7,6882.9400000000005,0.5616438356164384,C
7725.0,60.1,61.0,6882.9400000000005,0.5616438356164384,C
7750.0,55.6,56.4,6882.9400000000005,0.5616438356164384,C
7775.0,51.4,52.2,6882.9400000000005,0.5616438356164384,C
7800.0,47.5,48.2,6882.9400000000005,0.5616438356164384,C
7825.0,43.9,44.5,6882.9400000000005,0.5616438356164384,C
7850.0,40.5,41.2,6882.9400000000005,0.5616438356164384,C
7875.0,37.3,38.0,6882.9400000000005,0.5616438356164384,C
7900.0,34.4,35.1,6882.9400000000005,0.5616438356164384,C
7950.0,29.2,29.7,6882.9400000000005,0.5616438356164384,C
8000.0,24.7,25.3,6882.9400000000005,0.5616438356164384,C
8100.0,17.7,18.2,6882.9400000000005,0.5616438356164384,C
8200.0,12.7,13.1,6882.9400000000005,0.5616438356164384,C
8300.0,9.2,9.5,6882.9400000000005,0.5616438356164384,C
8400.0,6.6,7.0,6882.9400000000005,0.5616438356164384,C
8500.0,4.9,5.2,6882.9400000000005,0.5616438356164384,C
8600.0,3.6,3.9,6882.9400000000005,0.5616438356164384,C
8800.0,2.1,2.35,6882.9400000000005,0.5616438356164384,C
9000.0,1.25,1.5,6882.9400000000005,0.5616438356164384,C
9200.0,0.75,1.0,6882.9400000000005,0.5616438356164384,C
9400.0,0.55,0.8,6882.9400000000005,0.5616438356164384,C
9600.0,0.35,0.65,6882.9400000000005,0.5616438356164384,C
9800.0,0.3,0.55,6882.9400000000005,0.5616438356164384,C
200.0,6641.4,6662.0,6882.9400000000005,0.6383561643835617,C
400.0,6446.6,6467.1,6882.9400000000005,0.6383561643835617,C
600.0,6251.7,6272.3,6882.9400000000005,0.6383561643835617,C
800.0,6056.9,6077.4,6882.9400000000005,0.6383561643835617,C
1000.0,5862.1,5880.0,6882.9400000000005,0.6383561643835617,C
1200.0,5667.5,5685.4,6882.9400000000005,0.6383561643835617,C
1400.0,5472.9,5490.8,6882.9400000000005,0.6383561643835617,C
1600.0,5278.9,5296.5,6882.9400000000005,0.6383561643835617,C
1800.0,5084.9,5101.7,6882.9400000000005,0.6383561643835617,C
2000.0,4891.0,4907.4,6882.9400000000005,0.6383561643835617,C
2200.0,4697.6,4713.5,6882.9400000000005,0.6383561643835617,C
2400.0,4504.4,4519.9,6882.9400000000005,0.6383561643835617,C
2600.0,4311.3,4325.5,6882.9400000000005,0.6383561643835617,C
2700.0,4214.5,4229.3,6882.9400000000005,0.6383561643835617,C
2800.0,4118.3,4132.9,6882.9400000000005,0.6383561643835617,C
2900.0,4021.9,4036.3,6882.9400000000005,0.6383561643835617,C
3000.0,3926.0,3939.9,6882.9400000000005,0.6383561643835617,C
3100.0,3829.3,3843.2,6882.9400000000005,0.6383561643835617,C
3200.0,3733.2,3746.9,6882.9400000000005,0.6383561643835617,C
3300.0,3637.1,3650.7,6882.9400000000005,0.6383561643835617,C
3400.0,3541.1,3554.3,6882.9400000000005,0.6383561643835617,C
3500.0,3448.9,3454.2,6882.9400000000005,0.6383561643835617,C
3600.0,3352.9,3358.1,6882.9400000000005,0.6383561643835617,C
3700.0,3257.0,3262.1,6882.9400000000005,0.6383561643835617,C
3800.0,3161.2,3166.3,6882.9400000000005,0.6383561643835617,C
3900.0,3065.5,3070.3,6882.9400000000005,0.6383561643835617,C
4000.0,2970.0,2974.7,6882.9400000000005,0.6383561643835617,C
4050.0,2922.0,2926.9,6882.9400000000005,0.6383561643835617,C
4100.0,2874.3,2879.2,6882.9400000000005,0.6383561643835617,C
4150.0,2826.9,2831.5,6882.9400000000005,0.6383561643835617,C
4200.0,2779.2,2783.9,6882.9400000000005,0.6383561643835617,C
4250.0,2731.7,2736.2,6882.9400000000005,0.6383561643835617,C
4300.0,2684.2,2688.6,6882.9400000000005,0.6383561643835617,C
4350.0,2636.5,2641.2,6882.9400000000005,0.6383561643835617,C
4400.0,2589.1,2593.7,6882.9400000000005,0.6383561643835617,C
4450.0,2542.0,2546.3,6882.9400000000005,0.6383561643835617,C
4500.0,2494.5,2499.0,6882.9400000000005,0.6383561643835617,C
4550.0,2447.3,2451.7,6882.9400000000005,0.6383561643835617,C
4600.0,2400.4,2404.6,6882.9400000000005,0.6383561643835617,C
4625.0,2376.4,2381.6,6882.9400000000005,0.6383561643835617,C
4650.0,2353.3,2357.4,6882.9400000000005,0.6383561643835617,C
4675.0,2329.3,2334.5,6882.9400000000005,0.6383561643835617,C
4700.0,2306.3,2310.5,6882.9400000000005,0.6383561643835617,C
4725.0,2282.5,2287.6,6882.9400000000005,0.6383561643835617,C
4750.0,2259.5,2263.5,6882.9400000000005,0.6383561643835617,C
4775.0,2235.6,2240.7,6882.9400000000005,0.6383561643835617,C
4800.0,2212.6,2216.8,6882.9400000000005,0.6383561643835617,C
4825.0,2188.7,2193.9,6882.9400000000005,0.6383561643835617,C
4850.0,2166.0,2170.0,6882.9400000000005,0.6383561643835617,C
4875.0,2142.1,2147.3,6882.9400000000005,0.6383561643835617,C
4900.0,2119.5,2123.5,6882.9400000000005,0.6383561643835617,C
4925.0,2095.8,2100.6,6882.9400000000005,0.6383561643835617,C
4950.0,2072.9,2076.9,6882.9400000000005,0.6383561643835617,C
4975.0,2049.4,2054.2,6882.9400000000005,0.6383561643835617,C
5000.0,2026.6,2030.4,6882.9400000000005,0.6383561643835617,C
5025.0,2003.2,2007.9,6882.9400000000005,0.6383561643835617,C
5050.0,1980.5,1984.2,6882.9400000000005,0.6383561643835617,C
5075.0,1957.1,1961.7,6882.9400000000005,0.6383561643835617,C
5100.0,1934.3,1938.1,6882.9400000000005,0.6383561643835617,C
5125.0,1911.0,1915.7,6882.9400000000005,0.6383561643835617,C
5150.0,1888.4,1892.1,6882.9400000000005,0.6383561643835617,C
5175.0,1865.2,1869.8,6882.9400000000005,0.6383561643835617,C
5200.0,1842.7,1846.4,6882.9400000000005,0.6383561643835617,C
5225.0,1819.3,1824.1,6882.9400000000005,0.6383561643835617,C
5250.0,1797.0,1800.6,6882.9400000000005,0.6383561643835617,C
5275.0,1774.0,1778.3,6882.9400000000005,0.6383561643835617,C
5300.0,1751.7,1755.1,6882.9400000000005,0.6383561643835617,C
5325.0,1728.5,1733.1,6882.9400000000005,0.6383561643835617,C
5350.0,1706.3,1709.8,6882.9400000000005,0.6383561643835617,C
5375.0,1683.5,1687.8,6882.9400000000005,0.6383561643835617,C
5400.0,1661.2,1664.7,6882.9400000000005,0.6383561643835617,C
5425.0,1638.4,1642.8,6882.9400000000005,0.6383561643835617,C
5450.0,1616.3,1619.7,6882.9400000000005,0.6383561643835617,C
5475.0,1593.6,1597.9,6882.9400000000005,0.6383561643835617,C
5500.0,1571.7,1575.1,6882.9400000000005,0.6383561643835617,C
5525.0,1549.2,1553.3,6882.9400000000005,0.6383561643835617,C
5550.0,1527.3,1530.6,6882.9400000000005,0.6383561643835617,C
5575.0,1504.7,1508.8,6882.9400000000005,0.6383561643835617,C
5600.0,1483.0,1486.2,6882.9400000000005,0.6383561643835617,C
5625.0,1460.7,1464.6,6882.9400000000005,0.6383561643835617,C
5650.0,1439.1,1442.3,6882.9400000000005,0.6383561643835617,C
5675.0,1416.7,1420.8,6882.9400000000005,0.6383561643835617,C
5700.0,1395.3,1398.4,6882.9400000000005,0.6383561643835617,C
5725.0,1373.2,1377.0,6882.9400000000005,0.6383561643835617,C
5750.0,1351.8,1354.8,6882.9400000000005,0.6383561643835617,C
5775.0,1329.7,1333.6,6882.9400000000005,0.6383561643835617,C
5800.0,1308.6,1311.6,6882.9400000000005,0.6383561643835617,C
5825.0,1286.8,1290.5,6882.9400000000005,0.6383561643835617,C
5850.0,1265.5,1268.5,6882.9400000000005,0.6383561643835617,C
5875.0,1243.9,1247.6,6882.9400000000005,0.6383561643835617,C
5900.0,1222.9,1225.9,6882.9400000000005,0.6383561643835617,C
5925.0,1201.5,1205.1,6882.9400000000005,0.6383561643835617,C
5950.0,1180.5,1183.5,6882.9400000000005,0.6383561643835617,C
5975.0,1159.3,1162.8,6882.9400000000005,0.6383561643835617,C
6000.0,1138.6,1141.4,6882.9400000000005,0.6383561643835617,C
6025.0,1117.3,1120.9,6882.9400000000005,0.6383561643835617,C
6050.0,1096.9,1099.6,6882.9400000000005,0.6383561643835617,C
6075.0,1075.9,1079.3,6882.9400000000005,0.6383561643835617,C
6100.0,1055.5,1058.2,6882.9400000000005,0.6383561643835617,C
6125.0,1034.7,1038.0,6882.9400000000005,0.6383561643835617,C
6150.0,1014.5,1017.1,6882.9400000000005,0.6383561643835617,C
6175.0,993.7,997.1,6882.9400000000005,0.6383561643835617,C
6200.0,973.8,976.4,6882.9400000000005,0.6383561643835617,C
6225.0,953.3,956.6,6882.9400000000005,0.6383561643835617,C
6250.0,933.6,936.1,6882.9400000000005,0.6383561643835617,C
6275.0,913.2,916.4,6882.9400000000005,0.6383561643835617,C
6300.0,893.7,896.1,6882.9400000000005,0.6383561643835617,C
6325.0,873.5,876.7,6882.9400000000005,0.6383561643835617,C
6350.0,854.3,856.3,6882.9400000000005,0.6383561643835617,C
6375.0,834.7,836.7,6882.9400000000005,0.6383561643835617,C
6400.0,815.3,817.2,6882.9400000000005,0.6383561643835617,C
6425.0,795.9,797.8,6882.9400000000005,0.6383561643835617,C
6450.0,776.7,778.6,6882.9400000000005,0.6383561643835617,C
6475.0,757.5,759.4,6882.9400000000005,0.6383561643835617,C
6500.0,738.6,740.4,6882.9400000000005,0.6383561643835617,C
6525.0,719.6,721.5,6882.9400000000005,0.6383561643835617,C
6550.0,700.8,702.7,6882.9400000000005,0.6383561643835617,C
6575.0,682.1,684.1,6882.9400000000005,0.6383561643835617,C
6600.0,663.7,665.6,6882.9400000000005,0.6383561643835617,C
6625.0,645.4,647.2,6882.9400000000005,0.6383561643835617,C
6650.0,627.2,629.0,6882.9400000000005,0.6383561643835617,C
6675.0,609.2,610.9,6882.9400000000005,0.6383561643835617,C
6700.0,591.2,593.0,6882.9400000000005,0.6383561643835617,C
6725.0,573.5,575.1,6882.9400000000005,0.6383561643835617,C
6750.0,555.9,557.5,6882.9400000000005,0.6383561643835617,C
6775.0,538.4,540.1,6882.9400000000005,0.6383561643835617,C
6800.0,521.2,523.0,6882.9400000000005,0.6383561643835617,C
6825.0,504.1,505.9,6882.9400000000005,0.6383561643835617,C
6850.0,487.3,488.9,6882.9400000000005,0.6383561643835617,C
6875.0,470.6,472.2,6882.9400000000005,0.6383561643835617,C
6900.0,454.2,455.7,6882.9400000000005,0.6383561643835617,C
6925.0,437.9,439.6,6882.9400000000005,0.6383561643835617,C
6950.0,421.9,423.4,6882.9400000000005,0.6383561643835617,C
6975.0,406.0,407.7,6882.9400000000005,0.6383561643835617,C
7000.0,390.5,392.0,6882.9400000000005,0.6383561643835617,C
7025.0,375.2,376.7,6882.9400000000005,0.6383561643835617,C
7050.0,360.1,361.6,6882.9400000000005,0.6383561643835617,C
7075.0,345.4,346.8,6882.9400000000005,0.6383561643835617,C
7100.0,330.8,332.3,6882.9400000000005,0.6383561643835617,C
7125.0,316.6,318.0,6882.9400000000005,0.6383561643835617,C
7150.0,302.7,304.1,6882.9400000000005,0.6383561643835617,C
7175.0,289.0,290.4,6882.9400000000005,0.6383561643835617,C
7200.0,275.7,277.1,6882.9400000000005,0.6383561643835617,C
7225.0,262.7,264.1,6882.9400000000005,0.6383561643835617,C
7250.0,250.1,251.3,6882.9400000000005,0.6383561643835617,C
7275.0,237.7,239.1,6882.9400000000005,0.6383561643835617,C
7300.0,225.8,227.0,6882.9400000000005,0.6383561643835617,C
7325.0,214.2,215.6,6882.9400000000005,0.6383561643835617,C
7350.0,203.0,204.3,6882.9400000000005,0.6383561643835617,C
7375.0,192.1,193.4,6882.9400000000005,0.6383561643835617,C
7400.0,181.6,183.0,6882.9400000000005,0.6383561643835617,C
7425.0,171.5,172.9,6882.9400000000005,0.6383561643835617,C
7450.0,161.8,163.2,6882.9400000000005,0.6383561643835617,C
7475.0,152.5,153.9,6882.9400000000005,0.6383561643835617,C
7500.0,143.6,144.9,6882.9400000000005,0.6383561643835617,C
7525.0,135.0,136.4,6882.9400000000005,0.6383561643835617,C
7550.0,126.9,128.2,6882.9400000000005,0.6383561643835617,C
7575.0,119.0,120.4,6882.9400000000005,0.6383561643835617,C
7600.0,111.7,112.9,6882.9400000000005,0.6383561643835617,C
7625.0,104.5,105.9,6882.9400000000005,0.6383561643835617,C
7650.0,97.9,99.1,6882.9400000000005,0.6383561643835617,C
7675.0,91.5,92.8,6882.9400000000005,0.6383561643835617,C
7700.0,85.6,86.7,6882.9400000000005,0.6383561643835617,C
7725.0,79.8,81.1,6882.9400000000005,0.6383561643835617,C
7750.0,74.6,75.7,6882.9400000000005,0.6383561643835617,C
7775.0,69.4,70.7,6882.9400000000005,0.6383561643835617,C
7800.0,64.8,65.6,6882.9400000000005,0.6383561643835617,C
7825.0,60.2,61.1,6882.9400000000005,0.6383561643835617,C
7850.0,56.1,56.9,6882.9400000000005,0.6383561643835617,C
7875.0,52.1,53.2,6882.9400000000005,0.6383561643835617,C
7900.0,48.5,49.4,6882.9400000000005,0.6383561643835617,C
7950.0,41.7,42.7,6882.9400000000005,0.6383561643835617,C
8000.0,35.9,36.6,6882.9400000000005,0.6383561643835617,C
8100.0,26.5,27.2,6882.9400000000005,0.6383561643835617,C
8200.0,19.6,20.1,6882.9400000000005,0.6383561643835617,C
8300.0,14.5,15.0,6882.9400000000005,0.6383561643835617,C
8400.0,10.7,11.2,6882.9400000000005,0.6383561643835617,C
8500.0,8.0,8.4,6882.9400000000005,0.6383561643835617,C
8600.0,6.0,6.4,6882.9400000000005,0.6383561643835617,C
8800.0,3.4,3.9,6882.9400000000005,0.6383561643835617,C
9000.0,2.05,2.25,6882.9400000000005,0.6383561643835617,C
9200.0,1.25,1.4,6882.9400000000005,0.6383561643835617,C
9400.0,0.8,1.15,6882.9400000000005,0.6383561643835617,C
9600.0,0.55,0.9,6882.9400000000005,0.6383561643835617,C
9800.0,0.4,0.75,6882.9400000000005,0.6383561643835617,C
10000.0,0.3,0.6,6882.9400000000005,0.6383561643835617,C
10200.0,0.2,0.55,6882.9400000000005,0.6383561643835617,C
10400.0,0.15,0.5,6882.9400000000005,0.6383561643835617,C
10600.0,0.1,0.45,6882.9400000000005,0.6383561643835617,C
10800.0,0.1,0.4,6882.9400000000005,0.6383561643835617,C
11000.0,0.1,0.35,6882.9400000000005,0.6383561643835617,C
11200.0,0.1,0.35,6882.9400000000005,0.6383561643835617,C
11400.0,0.1,0.3,6882.9400000000005,0.6383561643835617,C
400.0,6442.7,6462.2,6882.9400000000005,0.7342465753424657,C
600.0,6247.4,6268.0,6882.9400000000005,0.7342465753424657,C
800.0,6054.4,6074.0,6882.9400000000005,0.7342465753424657,C
1000.0,5860.4,5877.3,6882.9400000000005,0.7342465753424657,C
1200.0,5665.4,5684.2,6882.9400000000005,0.7342465753424657,C
1400.0,5471.7,5489.5,6882.9400000000005,0.7342465753424657,C
1600.0,5277.9,5295.8,6882.9400000000005,0.7342465753424657,C
1800.0,5085.7,5102.4,6882.9400000000005,0.7342465753424657,C
2000.0,4893.5,4909.0,6882.9400000000005,0.7342465753424657,C
2200.0,4700.0,4715.6,6882.9400000000005,0.7342465753424657,C
2400.0,4506.9,4522.9,6882.9400000000005,0.7342465753424657,C
2600.0,4315.1,4330.2,6882.9400000000005,0.7342465753424657,C
2800.0,4123.1,4138.0,6882.9400000000005,0.7342465753424657,C
3000.0,3931.0,3945.6,6882.9400000000005,0.7342465753424657,C
3200.0,3739.9,3754.0,6882.9400000000005,0.7342465753424657,C
3400.0,3552.4,3558.3,6882.9400000000005,0.7342465753424657,C
3500.0,3456.9,3462.7,6882.9400000000005,0.7342465753424657,C
3600.0,3361.5,3367.2,6882.9400000000005,0.7342465753424657,C
3700.0,3266.3,3271.8,6882.9400000000005,0.7342465753424657,C
3800.0,3171.1,3176.5,6882.9400000000005,0.7342465753424657,C
3900.0,3076.1,3081.5,6882.9400000000005,0.7342465753424657,C
4000.0,2981.2,2986.5,6882.9400000000005,0.7342465753424657,C
4050.0,2933.8,2939.0,6882.9400000000005,0.7342465753424657,C
4100.0,2886.4,2891.6,6882.9400000000005,0.7342465753424657,C
4150.0,2839.3,2844.3,6882.9400000000005,0.7342465753424657,C
4200.0,2792.0,2796.9,6882.9400000000005,0.7342465753424657,C
4250.0,2744.8,2749.7,6882.9400000000005,0.7342465753424657,C
4300.0,2697.8,2702.5,6882.9400000000005,0.7342465753424657,C
4350.0,2650.7,2655.5,6882.9400000000005,0.7342465753424657,C
4400.0,2603.7,2608.4,6882.9400000000005,0.7342465753424657,C
4450.0,2556.8,2561.5,6882.9400000000005,0.7342465753424657,C
4500.0,2510.0,2514.5,6882.9400000000005,0.7342465753424657,C
4550.0,2463.2,2467.7,6882.9400000000005,0.7342465753424657,C
4600.0,2416.6,2420.9,6882.9400000000005,0.7342465753424657,C
4650.0,2370.0,2374.3,6882.9400000000005,0.7342465753424657,C
4700.0,2323.4,2327.9,6882.9400000000005,0.7342465753424657,C
4750.0,2277.1,2281.5,6882.9400000000005,0.7342465753424657,C
4800.0,2230.8,2235.2,6882.9400000000005,0.7342465753424657,C
4825.0,2207.1,2212.5,6882.9400000000005,0.7342465753424657,C
4850.0,2184.7,2188.8,6882.9400000000005,0.7342465753424657,C
4875.0,2161.0,2166.3,6882.9400000000005,0.7342465753424657,C
4900.0,2138.7,2142.7,6882.9400000000005,0.7342465753424657,C
4925.0,2115.1,2120.3,6882.9400000000005,0.7342465753424657,C
4950.0,2092.7,2096.8,6882.9400000000005,0.7342465753424657,C
4975.0,2069.2,2074.3,6882.9400000000005,0.7342465753424657,C
5000.0,2047.0,2050.9,6882.9400000000005,0.7342465753424657,C
5025.0,2023.5,2028.6,6882.9400000000005,0.7342465753424657,C
5050.0,2001.1,2005.4,6882.9400000000005,0.7342465753424657,C
5075.0,1978.0,1983.0,6882.9400000000005,0.7342465753424657,C
5100.0,1955.7,1959.7,6882.9400000000005,0.7342465753424657,C
5125.0,1932.6,1937.5,6882.9400000000005,0.7342465753424657,C
5150.0,1910.5,1914.3,6882.9400000000005,0.7342465753424657,C
5175.0,1887.3,1892.2,6882.9400000000005,0.7342465753424657,C
5200.0,1865.3,1869.1,6882.9400000000005,0.7342465753424657,C
5225.0,1842.3,1847.0,6882.9400000000005,0.7342465753424657,C
5250.0,1820.3,1824.2,6882.9400000000005,0.7342465753424657,C
5275.0,1797.4,1802.0,6882.9400000000005,0.7342465753424657,C
5300.0,1775.3,1779.2,6882.9400000000005,0.7342465753424657,C
5325.0,1752.6,1757.3,6882.9400000000005,0.7342465753424657,C
5350.0,1730.9,1734.5,6882.9400000000005,0.7342465753424657,C
5375.0,1708.1,1712.7,6882.9400000000005,0.7342465753424657,C
5400.0,1686.5,1690.0,6882.9400000000005,0.7342465753424657,C
5425.0,1663.8,1668.3,6882.9400000000005,0.7342465753424657,C
5450.0,1642.1,1645.9,6882.9400000000005,0.7342465753424657,C
5475.0,1619.7,1624.2,6882.9400000000005,0.7342465753424657,C
5500.0,1598.1,1601.7,6882.9400000000005,0.7342465753424657,C
5525.0,1575.8,1580.1,6882.9400000000005,0.7342465753424657,C
5550.0,1554.5,1558.0,6882.9400000000005,0.7342465753424657,C
5575.0,1532.2,1536.4,6882.9400000000005,0.7342465753424657,C
5600.0,1510.8,1514.3,6882.9400000000005,0.7342465753424657,C
5625.0,1488.8,1492.9,6882.9400000000005,0.7342465753424657,C
5650.0,1467.5,1470.9,6882.9400000000005,0.7342465753424657,C
5675.0,1445.6,1449.7,6882.9400000000005,0.7342465753424657,C
5700.0,1424.6,1427.8,6882.9400000000005,0.7342465753424657,C
5725.0,1402.7,1406.8,6882.9400000000005,0.7342465753424657,C
5750.0,1381.8,1385.0,6882.9400000000005,0.7342465753424657,C
5775.0,1360.0,1364.2,6882.9400000000005,0.7342465753424657,C
5800.0,1339.3,1342.5,6882.9400000000005,0.7342465753424657,C
5825.0,1317.7,1321.7,6882.9400000000005,0.7342465753424657,C
5850.0,1297.0,1300.3,6882.9400000000005,0.7342465753424657,C
5875.0,1275.4,1279.5,6882.9400000000005,0.7342465753424657,C
5900.0,1255.0,1258.2,6882.9400000000005,0.7342465753424657,C
5925.0,1233.9,1237.7,6882.9400000000005,0.7342465753424657,C
5950.0,1213.4,1216.7,6882.9400000000005,0.7342465753424657,C
5975.0,1192.4,1196.3,6882.9400000000005,0.7342465753424657,C
6000.0,1172.2,1175.2,6882.9400000000005,0.7342465753424657,C
6025.0,1151.3,1155.0,6882.9400000000005,0.7342465753424657,C
6050.0,1131.2,1134.3,6882.9400000000005,0.7342465753424657,C
6075.0,1110.4,1114.1,6882.9400000000005,0.7342465753424657,C
6100.0,1090.4,1093.4,6882.9400000000005,0.7342465753424657,C
6125.0,1070.0,1073.5,6882.9400000000005,0.7342465753424657,C
6150.0,1050.2,1053.1,6882.9400000000005,0.7342465753424657,C
6175.0,1029.8,1033.3,6882.9400000000005,0.7342465753424657,C
6200.0,1010.1,1013.1,6882.9400000000005,0.7342465753424657,C
6225.0,990.5,993.5,6882.9400000000005,0.7342465753424657,C
6250.0,970.7,973.4,6882.9400000000005,0.7342465753424657,C
6275.0,950.7,954.0,6882.9400000000005,0.7342465753424657,C
6300.0,931.5,934.1,6882.9400000000005,0.7342465753424657,C
6325.0,912.3,914.6,6882.9400000000005,0.7342465753424657,C
6350.0,893.2,895.2,6882.9400000000005,0.7342465753424657,C
6375.0,873.9,876.0,6882.9400000000005,0.7342465753424657,C
6400.0,854.6,856.7,6882.9400000000005,0.7342465753424657,C
6425.0,835.7,837.8,6882.9400000000005,0.7342465753424657,C
6450.0,816.6,818.7,6882.9400000000005,0.7342465753424657,C
6475.0,797.7,800.0,6882.9400000000005,0.7342465753424657,C
6500.0,779.2,781.2,6882.9400000000005,0.7342465753424657,C
6525.0,760.6,762.7,6882.9400000000005,0.7342465753424657,C
6550.0,742.1,744.2,6882.9400000000005,0.7342465753424657,C
6575.0,723.8,725.8,6882.9400000000005,0.7342465753424657,C
6600.0,705.5,707.5,6882.9400000000005,0.7342465753424657,C
6625.0,687.4,689.5,6882.9400000000005,0.7342465753424657,C
6650.0,669.3,671.5,6882.9400000000005,0.7342465753424657,C
6675.0,651.6,653.7,6882.9400000000005,0.7342465753424657,C
6700.0,634.1,635.8,6882.9400000000005,0.7342465753424657,C
6725.0,616.5,618.3,6882.9400000000005,0.7342465753424657,C
6750.0,599.0,600.9,6882.9400000000005,0.7342465753424657,C
6775.0,581.8,583.8,6882.9400000000005,0.7342465753424657,C
6800.0,564.7,566.5,6882.9400000000005,0.7342465753424657,C
6825.0,547.8,549.5,6882.9400000000005,0.7342465753424657,C
6850.0,531.1,532.8,6882.9400000000005,0.7342465753424657,C
6875.0,514.5,516.2,6882.9400000000005,0.7342465753424657,C
6900.0,498.1,499.8,6882.9400000000005,0.7342465753424657,C
6925.0,481.9,483.6,6882.9400000000005,0.7342465753424657,C
6950.0,466.0,467.6,6882.9400000000005,0.7342465753424657,C
6975.0,450.2,451.8,6882.9400000000005,0.7342465753424657,C
7000.0,434.6,436.1,6882.9400000000005,0.7342465753424657,C
7025.0,419.2,420.9,6882.9400000000005,0.7342465753424657,C
7050.0,404.1,405.7,6882.9400000000005,0.7342465753424657,C
7075.0,389.2,390.8,6882.9400000000005,0.7342465753424657,C
7100.0,374.5,376.0,6882.9400000000005,0.7342465753424657,C
7125.0,360.1,361.5,6882.9400000000005,0.7342465753424657,C
7150.0,345.9,347.4,6882.9400000000005,0.7342465753424657,C
7175.0,331.9,333.5,6882.9400000000005,0.7342465753424657,C
7200.0,318.3,319.8,6882.9400000000005,0.7342465753424657,C
7225.0,304.9,306.3,6882.9400000000005,0.7342465753424657,C
7250.0,291.8,293.3,6882.9400000000005,0.7342465753424657,C
7275.0,279.0,280.5,6882.9400000000005,0.7342465753424657,C
7300.0,266.5,268.1,6882.9400000000005,0.7342465753424657,C
7325.0,254.4,255.7,6882.9400000000005,0.7342465753424657,C
7350.0,242.5,244.1,6882.9400000000005,0.7342465753424657,C
7375.0,231.0,232.6,6882.9400000000005,0.7342465753424657,C
7400.0,219.9,221.2,6882.9400000000005,0.7342465753424657,C
7425.0,209.1,210.6,6882.9400000000005,0.7342465753424657,C
7450.0,198.6,200.1,6882.9400000000005,0.7342465753424657,C
7475.0,188.5,190.0,6882.9400000000005,0.7342465753424657,C
7500.0,178.7,180.2,6882.9400000000005,0.7342465753424657,C
7525.0,169.3,170.8,6882.9400000000005,0.7342465753424657,C
7550.0,160.2,161.7,6882.9400000000005,0.7342465753424657,C
7575.0,151.5,153.0,6882.9400000000005,0.7342465753424657,C
7600.0,143.2,144.7,6882.9400000000005,0.7342465753424657,C
7625.0,135.2,136.7,6882.9400000000005,0.7342465753424657,C
7650.0,127.6,129.0,6882.9400000000005,0.7342465753424657,C
7675.0,120.3,121.7,6882.9400000000005,0.7342465753424657,C
7700.0,113.3,114.7,6882.9400000000005,0.7342465753424657,C
7725.0,106.6,108.0,6882.9400000000005,0.7342465753424657,C
7750.0,100.3,101.7,6882.9400000000005,0.7342465753424657,C
7775.0,94.3,95.7,6882.9400000000005,0.7342465753424657,C
7800.0,88.6,90.0,6882.9400000000005,0.7342465753424657,C
7825.0,83.2,84.5,6882.9400000000005,0.7342465753424657,C
7850.0,78.1,79.4,6882.9400000000005,0.7342465753424657,C
7875.0,73.2,74.5,6882.9400000000005,0.7342465753424657,C
7900.0,68.7,69.6,6882.9400000000005,0.7342465753424657,C
7950.0,60.2,61.4,6882.9400000000005,0.7342465753424657,C
8000.0,52.7,53.8,6882.9400000000005,0.7342465753424657,C
8100.0,40.1,41.2,6882.9400000000005,0.7342465753424657,C
8200.0,30.5,31.3,6882.9400000000005,0.7342465753424657,C
8300.0,23.2,23.8,6882.9400000000005,0.7342465753424657,C
8400.0,17.6,18.3,6882.9400000000005,0.7342465753424657,C
8500.0,13.4,14.0,6882.9400000000005,0.7342465753424657,C
8600.0,10.3,10.8,6882.9400000000005,0.7342465753424657,C
8800.0,6.2,6.7,6882.9400000000005,0.7342465753424657,C
9000.0,3.8,4.2,6882.9400000000005,0.7342465753424657,C
9200.0,2.35,2.7,6882.9400000000005,0.7342465753424657,C
9400.0,1.45,1.8,6882.9400000000005,0.7342465753424657,C
200.0,6619.1,6658.0,6882.9400000000005,0.810958904109589,C
400.0,6424.3,6466.5,6882.9400000000005,0.810958904109589,C
600.0,6230.8,6273.0,6882.9400000000005,0.810958904109589,C
800.0,6039.9,6078.8,6882.9400000000005,0.810958904109589,C
1000.0,5857.5,5871.2,6882.9400000000005,0.810958904109589,C
1200.0,5662.9,5682.5,6882.9400000000005,0.810958904109589,C
1400.0,5468.7,5487.7,6882.9400000000005,0.810958904109589,C
1600.0,5276.2,5294.6,6882.9400000000005,0.810958904109589,C
1800.0,5083.9,5101.9,6882.9400000000005,0.810958904109589,C
2000.0,4893.2,4906.8,6882.9400000000005,0.810958904109589,C
2200.0,4699.6,4716.8,6882.9400000000005,0.810958904109589,C
2400.0,4507.9,4524.5,6882.9400000000005,0.810958904109589,C
2500.0,4412.1,4428.4,6882.9400000000005,0.810958904109589,C
2600.0,4316.7,4332.6,6882.9400000000005,0.810958904109589,C
2700.0,4221.0,4236.8,6882.9400000000005,0.810958904109589,C
2800.0,4125.5,4141.3,6882.9400000000005,0.810958904109589,C
2900.0,4030.2,4045.5,6882.9400000000005,0.810958904109589,C
3000.0,3934.8,3948.2,6882.9400000000005,0.810958904109589,C
3100.0,3839.5,3854.3,6882.9400000000005,0.810958904109589,C
3200.0,3745.0,3758.6,6882.9400000000005,0.810958904109589,C
3300.0,3652.9,3659.2,6882.9400000000005,0.810958904109589,C
3400.0,3557.9,3564.0,6882.9400000000005,0.810958904109589,C
3500.0,3462.8,3468.9,6882.9400000000005,0.810958904109589,C
3600.0,3367.9,3373.7,6882.9400000000005,0.810958904109589,C
3700.0,3273.1,3278.8,6882.9400000000005,0.810958904109589,C
3800.0,3178.4,3184.0,6882.9400000000005,0.810958904109589,C
3850.0,3131.1,3136.6,6882.9400000000005,0.810958904109589,C
3900.0,3083.8,3089.3,6882.9400000000005,0.810958904109589,C
3950.0,3036.6,3042.2,6882.9400000000005,0.810958904109589,C
4000.0,2989.4,2994.9,6882.9400000000005,0.810958904109589,C
4050.0,2942.4,2947.7,6882.9400000000005,0.810958904109589,C
4100.0,2895.3,2900.7,6882.9400000000005,0.810958904109589,C
4125.0,2870.9,2878.0,6882.9400000000005,0.810958904109589,C
4150.0,2848.3,2853.5,6882.9400000000005,0.810958904109589,C
4175.0,2824.0,2830.9,6882.9400000000005,0.810958904109589,C
4200.0,2801.3,2806.6,6882.9400000000005,0.810958904109589,C
4225.0,2777.0,2783.9,6882.9400000000005,0.810958904109589,C
4250.0,2754.4,2759.7,6882.9400000000005,0.810958904109589,C
4275.0,2730.2,2736.9,6882.9400000000005,0.810958904109589,C
4300.0,2707.7,2712.8,6882.9400000000005,0.810958904109589,C
4325.0,2683.5,2690.0,6882.9400000000005,0.810958904109589,C
4350.0,2660.9,2666.0,6882.9400000000005,0.810958904109589,C
4375.0,2636.8,2643.2,6882.9400000000005,0.810958904109589,C
4400.0,2614.3,2619.2,6882.9400000000005,0.810958904109589,C
4425.0,2590.2,2596.5,6882.9400000000005,0.810958904109589,C
4450.0,2567.7,2572.6,6882.9400000000005,0.810958904109589,C
4475.0,2543.7,2549.9,6882.9400000000005,0.810958904109589,C
4500.0,2521.2,2526.0,6882.9400000000005,0.810958904109589,C
4525.0,2497.2,2503.3,6882.9400000000005,0.810958904109589,C
4550.0,2474.8,2479.5,6882.9400000000005,0.810958904109589,C
4575.0,2450.8,2456.9,6882.9400000000005,0.810958904109589,C
4600.0,2428.4,2433.2,6882.9400000000005,0.810958904109589,C
4625.0,2404.6,2410.6,6882.9400000000005,0.810958904109589,C
4650.0,2382.1,2386.8,6882.9400000000005,0.810958904109589,C
4675.0,2358.4,2364.3,6882.9400000000005,0.810958904109589,C
4700.0,2336.0,2340.7,6882.9400000000005,0.810958904109589,C
4725.0,2312.3,2318.1,6882.9400000000005,0.810958904109589,C
4750.0,2290.1,2294.5,6882.9400000000005,0.810958904109589,C
4775.0,2266.4,2272.2,6882.9400000000005,0.810958904109589,C
4800.0,2244.1,2248.6,6882.9400000000005,0.810958904109589,C
4825.0,2220.5,2226.2,6882.9400000000005,0.810958904109589,C
4850.0,2198.4,2202.7,6882.9400000000005,0.810958904109589,C
4875.0,2174.9,2180.5,6882.9400000000005,0.810958904109589,C
4900.0,2152.7,2157.0,6882.9400000000005,0.810958904109589,C
4925.0,2129.3,2134.8,6882.9400000000005,0.810958904109589,C
4950.0,2107.2,2111.5,6882.9400000000005,0.810958904109589,C
4975.0,2083.8,2089.3,6882.9400000000005,0.810958904109589,C
5000.0,2061.8,2066.0,6882.9400000000005,0.810958904109589,C
5025.0,2038.6,2043.9,6882.9400000000005,0.810958904109589,C
5050.0,2016.6,2020.7,6882.9400000000005,0.810958904109589,C
5075.0,1993.4,1998.7,6882.9400000000005,0.810958904109589,C
5100.0,1971.5,1975.6,6882.9400000000005,0.810958904109589,C
5125.0,1948.4,1953.6,6882.9400000000005,0.810958904109589,C
5150.0,1926.6,1930.6,6882.9400000000005,0.810958904109589,C
5175.0,1903.6,1908.8,6882.9400000000005,0.810958904109589,C
5200.0,1881.8,1886.0,6882.9400000000005,0.810958904109589,C
5225.0,1858.9,1864.1,6882.9400000000005,0.810958904109589,C
5250.0,1837.3,1841.2,6882.9400000000005,0.810958904109589,C
5275.0,1814.4,1819.5,6882.9400000000005,0.810958904109589,C
5300.0,1792.9,1796.8,6882.9400000000005,0.810958904109589,C
5325.0,1770.2,1775.2,6882.9400000000005,0.810958904109589,C
5350.0,1748.7,1752.5,6882.9400000000005,0.810958904109589,C
5375.0,1726.1,1731.0,6882.9400000000005,0.810958904109589,C
5400.0,1704.6,1708.5,6882.9400000000005,0.810958904109589,C
5425.0,1682.3,1687.0,6882.9400000000005,0.810958904109589,C
5450.0,1661.0,1664.7,6882.9400000000005,0.810958904109589,C
5475.0,1638.6,1643.4,6882.9400000000005,0.810958904109589,C
5500.0,1617.5,1621.1,6882.9400000000005,0.810958904109589,C
5525.0,1595.3,1599.8,6882.9400000000005,0.810958904109589,C
5550.0,1574.1,1577.9,6882.9400000000005,0.810958904109589,C
5575.0,1552.1,1556.6,6882.9400000000005,0.810958904109589,C
5600.0,1531.1,1534.8,6882.9400000000005,0.810958904109589,C
5625.0,1509.1,1513.6,6882.9400000000005,0.810958904109589,C
5650.0,1488.2,1491.8,6882.9400000000005,0.810958904109589,C
5675.0,1466.5,1470.8,6882.9400000000005,0.810958904109589,C
5700.0,1445.8,1449.2,6882.9400000000005,0.810958904109589,C
5725.0,1424.1,1428.4,6882.9400000000005,0.810958904109589,C
5750.0,1403.5,1406.8,6882.9400000000005,0.810958904109589,C
5775.0,1381.9,1386.2,6882.9400000000005,0.810958904109589,C
5800.0,1361.4,1364.8,6882.9400000000005,0.810958904109589,C
5825.0,1340.1,1344.3,6882.9400000000005,0.810958904109589,C
5850.0,1319.7,1323.0,6882.9400000000005,0.810958904109589,C
5875.0,1298.5,1302.6,6882.9400000000005,0.810958904109589,C
5900.0,1278.3,1281.7,6882.9400000000005,0.810958904109589,C
5925.0,1257.2,1261.3,6882.9400000000005,0.810958904109589,C
5950.0,1237.0,1240.5,6882.9400000000005,0.810958904109589,C
5975.0,1216.3,1220.3,6882.9400000000005,0.810958904109589,C
6000.0,1196.2,1199.5,6882.9400000000005,0.810958904109589,C
6025.0,1175.6,1179.5,6882.9400000000005,0.810958904109589,C
6050.0,1155.7,1158.9,6882.9400000000005,0.810958904109589,C
6075.0,1135.2,1139.1,6882.9400000000005,0.810958904109589,C
6100.0,1115.5,1118.7,6882.9400000000005,0.810958904109589,C
6125.0,1095.3,1099.1,6882.9400000000005,0.810958904109589,C
6150.0,1075.8,1078.8,6882.9400000000005,0.810958904109589,C
6175.0,1055.6,1059.4,6882.9400000000005,0.810958904109589,C
6200.0,1036.3,1039.3,6882.9400000000005,0.810958904109589,C
6225.0,1016.2,1019.9,6882.9400000000005,0.810958904109589,C
6250.0,997.2,1000.1,6882.9400000000005,0.810958904109589,C
6275.0,977.3,981.0,6882.9400000000005,0.810958904109589,C
6300.0,959.2,961.0,6882.9400000000005,0.810958904109589,C
6325.0,940.1,941.8,6882.9400000000005,0.810958904109589,C
6350.0,920.8,922.7,6882.9400000000005,0.810958904109589,C
6375.0,901.8,903.6,6882.9400000000005,0.810958904109589,C
6400.0,883.0,884.7,6882.9400000000005,0.810958904109589,C
6425.0,864.0,865.9,6882.9400000000005,0.810958904109589,C
6450.0,845.3,847.1,6882.9400000000005,0.810958904109589,C
6475.0,826.7,828.5,6882.9400000000005,0.810958904109589,C
6500.0,808.2,810.0,6882.9400000000005,0.810958904109589,C
6525.0,789.8,791.6,6882.9400000000005,0.810958904109589,C
6550.0,771.5,773.3,6882.9400000000005,0.810958904109589,C
6575.0,753.3,755.2,6882.9400000000005,0.810958904109589,C
6600.0,735.4,737.1,6882.9400000000005,0.810958904109589,C
6625.0,717.5,719.2,6882.9400000000005,0.810958904109589,C
6650.0,699.7,701.4,6882.9400000000005,0.810958904109589,C
6675.0,681.9,683.7,6882.9400000000005,0.810958904109589,C
6700.0,664.5,666.0,6882.9400000000005,0.810958904109589,C
6725.0,647.2,648.8,6882.9400000000005,0.810958904109589,C
6750.0,629.9,631.5,6882.9400000000005,0.810958904109589,C
6775.0,612.8,614.4,6882.9400000000005,0.810958904109589,C
6800.0,595.9,597.4,6882.9400000000005,0.810958904109589,C
6825.0,579.1,580.6,6882.9400000000005,0.810958904109589,C
6850.0,562.5,563.9,6882.9400000000005,0.810958904109589,C
6875.0,546.0,547.4,6882.9400000000005,0.810958904109589,C
6900.0,529.7,531.1,6882.9400000000005,0.810958904109589,C
6925.0,513.6,515.0,6882.9400000000005,0.810958904109589,C
6950.0,497.7,498.9,6882.9400000000005,0.810958904109589,C
6975.0,481.9,483.3,6882.9400000000005,0.810958904109589,C
7000.0,466.4,467.5,6882.9400000000005,0.810958904109589,C
7025.0,451.0,452.2,6882.9400000000005,0.810958904109589,C
7050.0,435.8,437.0,6882.9400000000005,0.810958904109589,C
7075.0,420.9,422.0,6882.9400000000005,0.810958904109589,C
7100.0,406.2,407.3,6882.9400000000005,0.810958904109589,C
7125.0,391.6,392.8,6882.9400000000005,0.810958904109589,C
7150.0,377.4,378.4,6882.9400000000005,0.810958904109589,C
7175.0,363.3,364.4,6882.9400000000005,0.810958904109589,C
7200.0,349.5,350.5,6882.9400000000005,0.810958904109589,C
7225.0,335.9,337.0,6882.9400000000005,0.810958904109589,C
7250.0,322.7,323.7,6882.9400000000005,0.810958904109589,C
7275.0,309.6,310.7,6882.9400000000005,0.810958904109589,C
7300.0,296.9,297.9,6882.9400000000005,0.810958904109589,C
7325.0,284.2,285.5,6882.9400000000005,0.810958904109589,C
7350.0,272.3,273.3,6882.9400000000005,0.810958904109589,C
7375.0,260.4,261.5,6882.9400000000005,0.810958904109589,C
7400.0,248.9,249.9,6882.9400000000005,0.810958904109589,C
7425.0,237.6,238.7,6882.9400000000005,0.810958904109589,C
7450.0,226.7,227.7,6882.9400000000005,0.810958904109589,C
7475.0,216.1,217.1,6882.9400000000005,0.810958904109589,C
7500.0,205.9,206.9,6882.9400000000005,0.810958904109589,C
7525.0,195.9,196.9,6882.9400000000005,0.810958904109589,C
7550.0,186.3,187.3,6882.9400000000005,0.810958904109589,C
7575.0,177.1,178.0,6882.9400000000005,0.810958904109589,C
7600.0,168.1,169.1,6882.9400000000005,0.810958904109589,C
7625.0,159.5,160.5,6882.9400000000005,0.810958904109589,C
7650.0,151.3,152.2,6882.9400000000005,0.810958904109589,C
7675.0,143.3,144.3,6882.9400000000005,0.810958904109589,C
7700.0,135.7,136.7,6882.9400000000005,0.810958904109589,C
7725.0,128.4,129.4,6882.9400000000005,0.810958904109589,C
7750.0,121.5,122.4,6882.9400000000005,0.810958904109589,C
7775.0,114.8,115.7,6882.9400000000005,0.810958904109589,C
7800.0,108.4,109.3,6882.9400000000005,0.810958904109589,C
7825.0,102.3,103.3,6882.9400000000005,0.810958904109589,C
7850.0,96.5,97.5,6882.9400000000005,0.810958904109589,C
7875.0,91.0,92.0,6882.9400000000005,0.810958904109589,C
7900.0,85.8,86.7,6882.9400000000005,0.810958904109589,C
7950.0,76.1,77.0,6882.9400000000005,0.810958904109589,C
8000.0,67.3,68.2,6882.9400000000005,0.810958904109589,C
8050.0,59.5,60.3,6882.9400000000005,0.810958904109589,C
8100.0,52.5,53.2,6882.9400000000005,0.810958904109589,C
8150.0,46.3,47.0,6882.9400000000005,0.810958904109589,C
8200.0,40.8,41.3,6882.9400000000005,0.810958904109589,C
8300.0,31.6,32.2,6882.9400000000005,0.810958904109589,C
8400.0,24.5,25.1,6882.9400000000005,0.810958904109589,C
8500.0,19.0,19.5,6882.9400000000005,0.810958904109589,C
8600.0,14.8,15.3,6882.9400000000005,0.810958904109589,C
8700.0,11.6,12.1,6882.9400000000005,0.810958904109589,C
8800.0,9.1,9.5,6882.9400000000005,0.810958904109589,C
8900.0,7.3,7.6,6882.9400000000005,0.810958904109589,C
9000.0,5.8,6.1,6882.9400000000005,0.810958904109589,C
9200.0,3.6,4.0,6882.9400000000005,0.810958904109589,C
9400.0,2.3,2.6,6882.9400000000005,0.810958904109589,C
9600.0,1.5,1.7,6882.9400000000005,0.810958904109589,C
9800.0,1.0,1.3,6882.9400000000005,0.810958904109589,C
10000.0,0.7,1.05,6882.9400000000005,0.810958904109589,C
10200.0,0.5,0.85,6882.9400000000005,0.810958904109589,C
10400.0,0.35,0.75,6882.9400000000005,0.810958904109589,C
10600.0,0.3,0.65,6882.9400000000005,0.810958904109589,C
10800.0,0.25,0.6,6882.9400000000005,0.810958904109589,C
11000.0,0.2,0.5,6882.9400000000005,0.810958904109589,C
11200.0,0.15,0.45,6882.9400000000005,0.810958904109589,C
11400.0,0.1,0.4,6882.9400000000005,0.810958904109589,C
12000.0,0.0,0.15,6882.9400000000005,0.810958904109589,C
200.0,6620.2,6659.1,6882.9400000000005,0.8876712328767123,C
400.0,6427.8,6466.1,6882.9400000000005,0.8876712328767123,C
600.0,6234.2,6271.6,6882.9400000000005,0.8876712328767123,C
800.0,6039.8,6078.7,6882.9400000000005,0.8876712328767123,C
1000.0,5856.0,5876.6,6882.9400000000005,0.8876712328767123,C
1200.0,5663.6,5683.8,6882.9400000000005,0.8876712328767123,C
1400.0,5471.6,5491.3,6882.9400000000005,0.8876712328767123,C
1600.0,5279.6,5298.8,6882.9400000000005,0.8876712328767123,C
1800.0,5087.9,5106.5,6882.9400000000005,0.8876712328767123,C
2000.0,4896.6,4914.8,6882.9400000000005,0.8876712328767123,C
2200.0,4705.6,4723.1,6882.9400000000005,0.8876712328767123,C
2400.0,4514.5,4531.7,6882.9400000000005,0.8876712328767123,C
2600.0,4323.8,4340.4,6882.9400000000005,0.8876712328767123,C
2700.0,4228.5,4244.9,6882.9400000000005,0.8876712328767123,C
2800.0,4133.6,4149.7,6882.9400000000005,0.8876712328767123,C
2900.0,4038.6,4054.4,6882.9400000000005,0.8876712328767123,C
3000.0,3943.6,3959.3,6882.9400000000005,0.8876712328767123,C
3100.0,3848.9,3864.2,6882.9400000000005,0.8876712328767123,C
3200.0,3754.0,3769.1,6882.9400000000005,0.8876712328767123,C
3300.0,3663.5,3670.0,6882.9400000000005,0.8876712328767123,C
3400.0,3568.8,3575.5,6882.9400000000005,0.8876712328767123,C
3500.0,3474.2,3480.8,6882.9400000000005,0.8876712328767123,C
3600.0,3379.7,3386.2,6882.9400000000005,0.8876712328767123,C
3700.0,3285.3,3291.7,6882.9400000000005,0.8876712328767123,C
3800.0,3191.1,3197.3,6882.9400000000005,0.8876712328767123,C
3900.0,3097.0,3103.2,6882.9400000000005,0.8876712328767123,C
4000.0,3003.2,3009.2,6882.9400000000005,0.8876712328767123,C
4050.0,2956.3,2962.3,6882.9400000000005,0.8876712328767123,C
4100.0,2909.4,2915.4,6882.9400000000005,0.8876712328767123,C
4150.0,2862.7,2868.5,6882.9400000000005,0.8876712328767123,C
4200.0,2816.0,2821.7,6882.9400000000005,0.8876712328767123,C
4250.0,2769.4,2775.2,6882.9400000000005,0.8876712328767123,C
4300.0,2722.9,2728.4,6882.9400000000005,0.8876712328767123,C
4350.0,2676.4,2681.9,6882.9400000000005,0.8876712328767123,C
4400.0,2630.0,2635.5,6882.9400000000005,0.8876712328767123,C
4450.0,2583.7,2589.1,6882.9400000000005,0.8876712328767123,C
4500.0,2537.6,2542.7,6882.9400000000005,0.8876712328767123,C
4550.0,2491.4,2496.6,6882.9400000000005,0.8876712328767123,C
4600.0,2445.4,2450.5,6882.9400000000005,0.8876712328767123,C
4625.0,2421.8,2428.4,6882.9400000000005,0.8876712328767123,C
4650.0,2399.5,2404.5,6882.9400000000005,0.8876712328767123,C
4675.0,2376.0,2382.4,6882.9400000000005,0.8876712328767123,C
4700.0,2353.7,2358.7,6882.9400000000005,0.8876712328767123,C
4725.0,2330.2,2336.6,6882.9400000000005,0.8876712328767123,C
4750.0,2307.8,2313.0,6882.9400000000005,0.8876712328767123,C
4775.0,2284.6,2290.9,6882.9400000000005,0.8876712328767123,C
4800.0,2262.4,2267.3,6882.9400000000005,0.8876712328767123,C
4825.0,2239.1,2245.3,6882.9400000000005,0.8876712328767123,C
4850.0,2217.0,2221.8,6882.9400000000005,0.8876712328767123,C
4875.0,2193.8,2199.9,6882.9400000000005,0.8876712328767123,C
4900.0,2171.7,2176.4,6882.9400000000005,0.8876712328767123,C
4925.0,2148.5,2154.6,6882.9400000000005,0.8876712328767123,C
4950.0,2126.3,2131.2,6882.9400000000005,0.8876712328767123,C
4975.0,2103.4,2109.4,6882.9400000000005,0.8876712328767123,C
5000.0,2081.5,2086.0,6882.9400000000005,0.8876712328767123,C
5025.0,2058.5,2064.0,6882.9400000000005,0.8876712328767123,C
5050.0,2036.4,2041.1,6882.9400000000005,0.8876712328767123,C
5075.0,2013.7,2019.4,6882.9400000000005,0.8876712328767123,C
5100.0,1991.9,1996.3,6882.9400000000005,0.8876712328767123,C
5125.0,1969.0,1974.6,6882.9400000000005,0.8876712328767123,C
5150.0,1947.3,1951.7,6882.9400000000005,0.8876712328767123,C
5175.0,1924.6,1930.1,6882.9400000000005,0.8876712328767123,C
5200.0,1902.8,1907.3,6882.9400000000005,0.8876712328767123,C
5225.0,1880.3,1885.7,6882.9400000000005,0.8876712328767123,C
5250.0,1858.5,1863.1,6882.9400000000005,0.8876712328767123,C
5275.0,1836.1,1841.6,6882.9400000000005,0.8876712328767123,C
5300.0,1814.7,1819.0,6882.9400000000005,0.8876712328767123,C
5325.0,1792.2,1797.6,6882.9400000000005,0.8876712328767123,C
5350.0,1770.9,1775.1,6882.9400000000005,0.8876712328767123,C
5375.0,1748.6,1753.9,6882.9400000000005,0.8876712328767123,C
5400.0,1727.2,1731.4,6882.9400000000005,0.8876712328767123,C
5425.0,1705.1,1710.3,6882.9400000000005,0.8876712328767123,C
5450.0,1683.9,1688.0,6882.9400000000005,0.8876712328767123,C
5475.0,1661.8,1667.0,6882.9400000000005,0.8876712328767123,C
5500.0,1640.8,1644.9,6882.9400000000005,0.8876712328767123,C
5525.0,1618.8,1623.9,6882.9400000000005,0.8876712328767123,C
5550.0,1597.9,1601.9,6882.9400000000005,0.8876712328767123,C
5575.0,1576.1,1581.0,6882.9400000000005,0.8876712328767123,C
5600.0,1555.1,1559.2,6882.9400000000005,0.8876712328767123,C
5625.0,1533.5,1538.4,6882.9400000000005,0.8876712328767123,C
5650.0,1512.7,1516.6,6882.9400000000005,0.8876712328767123,C
5675.0,1491.3,1496.1,6882.9400000000005,0.8876712328767123,C
5700.0,1470.6,1474.4,6882.9400000000005,0.8876712328767123,C
5725.0,1449.3,1453.9,6882.9400000000005,0.8876712328767123,C
5750.0,1428.7,1432.4,6882.9400000000005,0.8876712328767123,C
5775.0,1407.5,1412.2,6882.9400000000005,0.8876712328767123,C
5800.0,1387.2,1390.7,6882.9400000000005,0.8876712328767123,C
5825.0,1366.0,1370.6,6882.9400000000005,0.8876712328767123,C
5850.0,1345.8,1349.4,6882.9400000000005,0.8876712328767123,C
5875.0,1324.9,1329.4,6882.9400000000005,0.8876712328767123,C
5900.0,1304.6,1308.3,6882.9400000000005,0.8876712328767123,C
5925.0,1283.9,1288.4,6882.9400000000005,0.8876712328767123,C
5950.0,1263.9,1267.4,6882.9400000000005,0.8876712328767123,C
5975.0,1243.3,1247.7,6882.9400000000005,0.8876712328767123,C
6000.0,1223.4,1227.0,6882.9400000000005,0.8876712328767123,C
6025.0,1203.1,1207.4,6882.9400000000005,0.8876712328767123,C
6050.0,1183.4,1186.7,6882.9400000000005,0.8876712328767123,C
6075.0,1163.1,1167.4,6882.9400000000005,0.8876712328767123,C
6100.0,1143.4,1146.9,6882.9400000000005,0.8876712328767123,C
6125.0,1123.4,1127.6,6882.9400000000005,0.8876712328767123,C
6150.0,1103.9,1107.3,6882.9400000000005,0.8876712328767123,C
6175.0,1084.1,1088.2,6882.9400000000005,0.8876712328767123,C
6200.0,1064.9,1068.1,6882.9400000000005,0.8876712328767123,C
6225.0,1045.1,1049.2,6882.9400000000005,0.8876712328767123,C
6250.0,1026.1,1029.3,6882.9400000000005,0.8876712328767123,C
6275.0,1006.5,1010.5,6882.9400000000005,0.8876712328767123,C
6300.0,988.2,990.6,6882.9400000000005,0.8876712328767123,C
6325.0,969.1,971.5,6882.9400000000005,0.8876712328767123,C
6350.0,950.1,952.5,6882.9400000000005,0.8876712328767123,C
6375.0,931.2,933.6,6882.9400000000005,0.8876712328767123,C
6400.0,912.5,914.9,6882.9400000000005,0.8876712328767123,C
6425.0,893.8,896.2,6882.9400000000005,0.8876712328767123,C
6450.0,875.2,877.6,6882.9400000000005,0.8876712328767123,C
6475.0,856.7,859.1,6882.9400000000005,0.8876712328767123,C
6500.0,838.3,840.7,6882.9400000000005,0.8876712328767123,C
6525.0,820.1,822.5,6882.9400000000005,0.8876712328767123,C
6550.0,801.9,804.3,6882.9400000000005,0.8876712328767123,C
6575.0,783.8,786.2,6882.9400000000005,0.8876712328767123,C
6600.0,765.9,768.3,6882.9400000000005,0.8876712328767123,C
6625.0,748.1,750.5,6882.9400000000005,0.8876712328767123,C
6650.0,730.4,732.8,6882.9400000000005,0.8876712328767123,C
6675.0,712.8,715.2,6882.9400000000005,0.8876712328767123,C
6700.0,695.4,697.7,6882.9400000000005,0.8876712328767123,C
6725.0,678.1,680.2,6882.9400000000005,0.8876712328767123,C
6750.0,660.9,663.0,6882.9400000000005,0.8876712328767123,C
6775.0,643.9,645.9,6882.9400000000005,0.8876712328767123,C
6800.0,627.0,629.0,6882.9400000000005,0.8876712328767123,C
6825.0,610.3,612.2,6882.9400000000005,0.8876712328767123,C
6850.0,593.7,595.6,6882.9400000000005,0.8876712328767123,C
6875.0,577.2,579.2,6882.9400000000005,0.8876712328767123,C
6900.0,561.0,562.8,6882.9400000000005,0.8876712328767123,C
6925.0,544.8,546.7,6882.9400000000005,0.8876712328767123,C
6950.0,528.9,530.7,6882.9400000000005,0.8876712328767123,C
6975.0,513.1,515.0,6882.9400000000005,0.8876712328767123,C
7000.0,497.6,499.4,6882.9400000000005,0.8876712328767123,C
7025.0,482.1,484.0,6882.9400000000005,0.8876712328767123,C
7050.0,466.9,468.8,6882.9400000000005,0.8876712328767123,C
7075.0,451.8,453.7,6882.9400000000005,0.8876712328767123,C
7100.0,437.0,438.7,6882.9400000000005,0.8876712328767123,C
7125.0,422.3,424.2,6882.9400000000005,0.8876712328767123,C
7150.0,407.9,409.8,6882.9400000000005,0.8876712328767123,C
7175.0,393.7,395.6,6882.9400000000005,0.8876712328767123,C
7200.0,379.7,381.3,6882.9400000000005,0.8876712328767123,C
7225.0,366.0,367.8,6882.9400000000005,0.8876712328767123,C
7250.0,352.5,354.0,6882.9400000000005,0.8876712328767123,C
7275.0,339.2,341.0,6882.9400000000005,0.8876712328767123,C
7300.0,326.2,327.9,6882.9400000000005,0.8876712328767123,C
7325.0,313.4,315.2,6882.9400000000005,0.8876712328767123,C
7350.0,300.9,302.7,6882.9400000000005,0.8876712328767123,C
7375.0,288.7,290.5,6882.9400000000005,0.8876712328767123,C
7400.0,276.8,278.6,6882.9400000000005,0.8876712328767123,C
7425.0,265.2,266.9,6882.9400000000005,0.8876712328767123,C
7450.0,253.9,255.4,6882.9400000000005,0.8876712328767123,C
7475.0,242.9,244.5,6882.9400000000005,0.8876712328767123,C
7500.0,232.1,233.8,6882.9400000000005,0.8876712328767123,C
7525.0,221.7,223.4,6882.9400000000005,0.8876712328767123,C
7550.0,211.6,213.2,6882.9400000000005,0.8876712328767123,C
7575.0,201.8,203.4,6882.9400000000005,0.8876712328767123,C
7600.0,192.3,193.9,6882.9400000000005,0.8876712328767123,C
7625.0,183.2,184.8,6882.9400000000005,0.8876712328767123,C
7650.0,174.5,175.8,6882.9400000000005,0.8876712328767123,C
7675.0,165.9,167.2,6882.9400000000005,0.8876712328767123,C
7700.0,157.8,159.0,6882.9400000000005,0.8876712328767123,C
7725.0,149.8,151.3,6882.9400000000005,0.8876712328767123,C
7750.0,142.3,143.5,6882.9400000000005,0.8876712328767123,C
7775.0,134.9,136.4,6882.9400000000005,0.8876712328767123,C
7800.0,128.0,129.4,6882.9400000000005,0.8876712328767123,C
7825.0,121.3,122.7,6882.9400000000005,0.8876712328767123,C
7850.0,114.9,116.3,6882.9400000000005,0.8876712328767123,C
7875.0,108.8,110.1,6882.9400000000005,0.8876712328767123,C
7900.0,103.0,104.3,6882.9400000000005,0.8876712328767123,C
7950.0,92.1,93.4,6882.9400000000005,0.8876712328767123,C
8000.0,82.2,83.6,6882.9400000000005,0.8876712328767123,C
8050.0,73.3,74.4,6882.9400000000005,0.8876712328767123,C
8100.0,65.2,66.3,6882.9400000000005,0.8876712328767123,C
8150.0,58.0,59.0,6882.9400000000005,0.8876712328767123,C
8200.0,51.4,52.3,6882.9400000000005,0.8876712328767123,C
8300.0,40.4,41.3,6882.9400000000005,0.8876712328767123,C
8400.0,31.8,32.6,6882.9400000000005,0.8876712328767123,C
8500.0,25.0,25.7,6882.9400000000005,0.8876712328767123,C
8600.0,19.8,20.4,6882.9400000000005,0.8876712328767123,C
8700.0,15.6,16.2,6882.9400000000005,0.8876712328767123,C
8800.0,12.4,13.0,6882.9400000000005,0.8876712328767123,C
8900.0,9.9,10.4,6882.9400000000005,0.8876712328767123,C
9000.0,8.0,8.5,6882.9400000000005,0.8876712328767123,C
9200.0,5.2,5.6,6882.9400000000005,0.8876712328767123,C
9400.0,3.4,3.9,6882.9400000000005,0.8876712328767123,C
9600.0,2.3,2.7,6882.9400000000005,0.8876712328767123,C
9800.0,1.55,1.8,6882.9400000000005,0.8876712328767123,C
10000.0,1.05,1.35,6882.9400000000005,0.8876712328767123,C
10200.0,0.7,1.35,6882.9400000000005,0.8876712328767123,C
10400.0,0.55,1.1,6882.9400000000005,0.8876712328767123,C
10600.0,0.45,1.0,6882.9400000000005,0.8876712328767123,C
10800.0,0.35,0.95,6882.9400000000005,0.8876712328767123,C
11000.0,0.25,0.85,6882.9400000000005,0.8876712328767123,C
11200.0,0.15,0.8,6882.9400000000005,0.8876712328767123,C
11400.0,0.15,0.4,6882.9400000000005,0.8876712328767123,C
200.0,6624.8,6646.7,6882.9400000000005,0.9835616438356164,C
400.0,6432.5,6454.2,6882.9400000000005,0.9835616438356164,C
600.0,6240.4,6261.9,6882.9400000000005,0.9835616438356164,C
800.0,6048.4,6069.6,6882.9400000000005,0.9835616438356164,C
1000.0,5856.5,5876.5,6882.9400000000005,0.9835616438356164,C
1200.0,5664.8,5682.4,6882.9400000000005,0.9835616438356164,C
1400.0,5473.3,5490.6,6882.9400000000005,0.9835616438356164,C
1600.0,5282.0,5300.5,6882.9400000000005,0.9835616438356164,C
1800.0,5091.0,5107.5,6882.9400000000005,0.9835616438356164,C
2000.0,4900.2,4913.5,6882.9400000000005,0.9835616438356164,C
2200.0,4709.7,4722.8,6882.9400000000005,0.9835616438356164,C
2400.0,4519.4,4532.3,6882.9400000000005,0.9835616438356164,C
2600.0,4329.5,4342.4,6882.9400000000005,0.9835616438356164,C
2800.0,4139.9,4152.6,6882.9400000000005,0.9835616438356164,C
2900.0,4045.3,4057.9,6882.9400000000005,0.9835616438356164,C
3000.0,3950.7,3963.2,6882.9400000000005,0.9835616438356164,C
3100.0,3856.3,3868.7,6882.9400000000005,0.9835616438356164,C
3200.0,3764.1,3771.8,6882.9400000000005,0.9835616438356164,C
3300.0,3669.8,3677.4,6882.9400000000005,0.9835616438356164,C
3400.0,3575.6,3583.1,6882.9400000000005,0.9835616438356164,C
3500.0,3481.6,3489.0,6882.9400000000005,0.9835616438356164,C
3600.0,3387.6,3394.9,6882.9400000000005,0.9835616438356164,C
3700.0,3293.8,3301.0,6882.9400000000005,0.9835616438356164,C
3800.0,3200.2,3207.1,6882.9400000000005,0.9835616438356164,C
3900.0,3106.8,3113.6,6882.9400000000005,0.9835616438356164,C
4000.0,3013.6,3020.2,6882.9400000000005,0.9835616438356164,C
4100.0,2920.6,2927.1,6882.9400000000005,0.9835616438356164,C
4150.0,2874.2,2880.6,6882.9400000000005,0.9835616438356164,C
4200.0,2827.8,2834.2,6882.9400000000005,0.9835616438356164,C
4250.0,2781.6,2787.9,6882.9400000000005,0.9835616438356164,C
4300.0,2735.4,2741.7,6882.9400000000005,0.9835616438356164,C
4350.0,2689.3,2695.5,6882.9400000000005,0.9835616438356164,C
4400.0,2643.3,2649.5,6882.9400000000005,0.9835616438356164,C
4450.0,2597.4,2603.5,6882.9400000000005,0.9835616438356164,C
4500.0,2551.6,2557.6,6882.9400000000005,0.9835616438356164,C
4550.0,2505.9,2511.9,6882.9400000000005,0.9835616438356164,C
4600.0,2460.2,2466.2,6882.9400000000005,0.9835616438356164,C
4650.0,2414.9,2420.5,6882.9400000000005,0.9835616438356164,C
4700.0,2369.5,2375.1,6882.9400000000005,0.9835616438356164,C
4750.0,2324.2,2329.8,6882.9400000000005,0.9835616438356164,C
4800.0,2279.1,2284.6,6882.9400000000005,0.9835616438356164,C
4850.0,2234.1,2239.5,6882.9400000000005,0.9835616438356164,C
4875.0,2210.9,2217.7,6882.9400000000005,0.9835616438356164,C
4900.0,2189.3,2194.6,6882.9400000000005,0.9835616438356164,C
4925.0,2166.1,2172.8,6882.9400000000005,0.9835616438356164,C
4950.0,2144.5,2149.7,6882.9400000000005,0.9835616438356164,C
4975.0,2121.5,2128.0,6882.9400000000005,0.9835616438356164,C
5000.0,2099.9,2105.1,6882.9400000000005,0.9835616438356164,C
5025.0,2077.0,2083.5,6882.9400000000005,0.9835616438356164,C
5050.0,2055.5,2060.6,6882.9400000000005,0.9835616438356164,C
5075.0,2032.6,2039.0,6882.9400000000005,0.9835616438356164,C
5100.0,2011.2,2016.3,6882.9400000000005,0.9835616438356164,C
5125.0,1988.4,1994.8,6882.9400000000005,0.9835616438356164,C
5150.0,1967.1,1972.1,6882.9400000000005,0.9835616438356164,C
5175.0,1944.3,1950.7,6882.9400000000005,0.9835616438356164,C
5200.0,1923.2,1928.2,6882.9400000000005,0.9835616438356164,C
5225.0,1900.5,1906.9,6882.9400000000005,0.9835616438356164,C
5250.0,1879.4,1884.5,6882.9400000000005,0.9835616438356164,C
5275.0,1856.9,1863.2,6882.9400000000005,0.9835616438356164,C
5300.0,1835.9,1840.9,6882.9400000000005,0.9835616438356164,C
5325.0,1813.4,1819.8,6882.9400000000005,0.9835616438356164,C
5350.0,1792.7,1797.5,6882.9400000000005,0.9835616438356164,C
5375.0,1770.2,1776.5,6882.9400000000005,0.9835616438356164,C
5400.0,1749.5,1754.3,6882.9400000000005,0.9835616438356164,C
5425.0,1727.3,1733.5,6882.9400000000005,0.9835616438356164,C
5450.0,1706.8,1711.5,6882.9400000000005,0.9835616438356164,C
5475.0,1684.6,1690.7,6882.9400000000005,0.9835616438356164,C
5500.0,1664.1,1668.8,6882.9400000000005,0.9835616438356164,C
5525.0,1642.2,1648.1,6882.9400000000005,0.9835616438356164,C
5550.0,1621.8,1626.4,6882.9400000000005,0.9835616438356164,C
5575.0,1600.1,1605.8,6882.9400000000005,0.9835616438356164,C
5600.0,1579.7,1584.1,6882.9400000000005,0.9835616438356164,C
5625.0,1558.1,1563.7,6882.9400000000005,0.9835616438356164,C
5650.0,1537.8,1542.1,6882.9400000000005,0.9835616438356164,C
5675.0,1516.4,1521.8,6882.9400000000005,0.9835616438356164,C
5700.0,1496.2,1500.4,6882.9400000000005,0.9835616438356164,C
5725.0,1474.9,1480.2,6882.9400000000005,0.9835616438356164,C
5750.0,1455.0,1459.0,6882.9400000000005,0.9835616438356164,C
5775.0,1433.7,1438.9,6882.9400000000005,0.9835616438356164,C
5800.0,1413.9,1417.8,6882.9400000000005,0.9835616438356164,C
5825.0,1392.8,1397.8,6882.9400000000005,0.9835616438356164,C
5850.0,1372.9,1377.0,6882.9400000000005,0.9835616438356164,C
5875.0,1352.0,1357.2,6882.9400000000005,0.9835616438356164,C
5900.0,1332.4,1336.4,6882.9400000000005,0.9835616438356164,C
5925.0,1311.7,1316.7,6882.9400000000005,0.9835616438356164,C
5950.0,1292.1,1296.0,6882.9400000000005,0.9835616438356164,C
5975.0,1271.6,1276.4,6882.9400000000005,0.9835616438356164,C
6000.0,1252.2,1256.0,6882.9400000000005,0.9835616438356164,C
6025.0,1231.8,1236.5,6882.9400000000005,0.9835616438356164,C
6050.0,1212.6,1216.3,6882.9400000000005,0.9835616438356164,C
6075.0,1192.3,1197.0,6882.9400000000005,0.9835616438356164,C
6100.0,1173.2,1176.8,6882.9400000000005,0.9835616438356164,C
6125.0,1153.1,1157.7,6882.9400000000005,0.9835616438356164,C
6150.0,1134.2,1137.8,6882.9400000000005,0.9835616438356164,C
6175.0,1114.3,1118.8,6882.9400000000005,0.9835616438356164,C
6200.0,1095.5,1099.0,6882.9400000000005,0.9835616438356164,C
6225.0,1075.7,1080.2,6882.9400000000005,0.9835616438356164,C
6250.0,1057.1,1060.6,6882.9400000000005,0.9835616438356164,C
6275.0,1039.5,1042.1,6882.9400000000005,0.9835616438356164,C
6300.0,1020.6,1023.1,6882.9400000000005,0.9835616438356164,C
6325.0,1001.7,1004.3,6882.9400000000005,0.9835616438356164,C
6350.0,983.0,985.5,6882.9400000000005,0.9835616438356164,C
6375.0,964.3,966.8,6882.9400000000005,0.9835616438356164,C
6400.0,945.7,948.2,6882.9400000000005,0.9835616438356164,C
6425.0,927.2,929.7,6882.9400000000005,0.9835616438356164,C
6450.0,908.8,911.3,6882.9400000000005,0.9835616438356164,C
6475.0,890.5,893.0,6882.9400000000005,0.9835616438356164,C
6500.0,872.3,874.8,6882.9400000000005,0.9835616438356164,C
6525.0,854.2,856.7,6882.9400000000005,0.9835616438356164,C
6550.0,836.2,838.7,6882.9400000000005,0.9835616438356164,C
6575.0,818.3,820.8,6882.9400000000005,0.9835616438356164,C
6600.0,800.5,803.0,6882.9400000000005,0.9835616438356164,C
6625.0,782.9,785.4,6882.9400000000005,0.9835616438356164,C
6650.0,765.3,767.8,6882.9400000000005,0.9835616438356164,C
6675.0,747.9,750.4,6882.9400000000005,0.9835616438356164,C
6700.0,730.6,733.0,6882.9400000000005,0.9835616438356164,C
6725.0,713.4,715.5,6882.9400000000005,0.9835616438356164,C
6750.0,696.4,698.3,6882.9400000000005,0.9835616438356164,C
6775.0,679.5,681.5,6882.9400000000005,0.9835616438356164,C
6800.0,662.7,664.6,6882.9400000000005,0.9835616438356164,C
6825.0,646.0,648.0,6882.9400000000005,0.9835616438356164,C
6850.0,629.5,631.4,6882.9400000000005,0.9835616438356164,C
6875.0,613.1,615.1,6882.9400000000005,0.9835616438356164,C
6900.0,596.9,598.8,6882.9400000000005,0.9835616438356164,C
6925.0,580.8,582.8,6882.9400000000005,0.9835616438356164,C
6950.0,564.9,566.8,6882.9400000000005,0.9835616438356164,C
6975.0,549.2,551.1,6882.9400000000005,0.9835616438356164,C
7000.0,533.6,535.5,6882.9400000000005,0.9835616438356164,C
7025.0,518.1,520.1,6882.9400000000005,0.9835616438356164,C
7050.0,503.0,504.9,6882.9400000000005,0.9835616438356164,C
7075.0,487.8,489.8,6882.9400000000005,0.9835616438356164,C
7100.0,473.0,474.9,6882.9400000000005,0.9835616438356164,C
7125.0,458.3,460.3,6882.9400000000005,0.9835616438356164,C
7150.0,443.8,445.5,6882.9400000000005,0.9835616438356164,C
7175.0,429.5,431.4,6882.9400000000005,0.9835616438356164,C
7200.0,415.5,417.1,6882.9400000000005,0.9835616438356164,C
7225.0,401.6,403.4,6882.9400000000005,0.9835616438356164,C
7250.0,387.9,389.6,6882.9400000000005,0.9835616438356164,C
7275.0,374.5,376.3,6882.9400000000005,0.9835616438356164,C
7300.0,361.3,363.0,6882.9400000000005,0.9835616438356164,C
7325.0,348.3,350.0,6882.9400000000005,0.9835616438356164,C
7350.0,335.6,337.2,6882.9400000000005,0.9835616438356164,C
7375.0,323.1,324.8,6882.9400000000005,0.9835616438356164,C
7400.0,310.9,312.5,6882.9400000000005,0.9835616438356164,C
7425.0,298.8,300.6,6882.9400000000005,0.9835616438356164,C
7450.0,287.3,288.8,6882.9400000000005,0.9835616438356164,C
7475.0,275.7,277.4,6882.9400000000005,0.9835616438356164,C
7500.0,264.7,266.2,6882.9400000000005,0.9835616438356164,C
7525.0,253.8,255.4,6882.9400000000005,0.9835616438356164,C
7550.0,243.3,244.7,6882.9400000000005,0.9835616438356164,C
7575.0,233.0,234.4,6882.9400000000005,0.9835616438356164,C
7600.0,223.0,224.4,6882.9400000000005,0.9835616438356164,C
7625.0,213.3,214.7,6882.9400000000005,0.9835616438356164,C
7650.0,203.9,205.2,6882.9400000000005,0.9835616438356164,C
7675.0,194.8,196.1,6882.9400000000005,0.9835616438356164,C
7700.0,185.9,187.3,6882.9400000000005,0.9835616438356164,C
7725.0,177.4,178.9,6882.9400000000005,0.9835616438356164,C
7750.0,169.2,170.5,6882.9400000000005,0.9835616438356164,C
7775.0,161.3,162.6,6882.9400000000005,0.9835616438356164,C
7800.0,153.6,154.9,6882.9400000000005,0.9835616438356164,C
7825.0,146.3,147.5,6882.9400000000005,0.9835616438356164,C
7850.0,139.2,140.4,6882.9400000000005,0.9835616438356164,C
7875.0,132.4,133.6,6882.9400000000005,0.9835616438356164,C
7900.0,125.9,127.0,6882.9400000000005,0.9835616438356164,C
7925.0,119.6,120.8,6882.9400000000005,0.9835616438356164,C
7950.0,113.6,114.8,6882.9400000000005,0.9835616438356164,C
8000.0,102.3,103.5,6882.9400000000005,0.9835616438356164,C
8050.0,92.0,93.2,6882.9400000000005,0.9835616438356164,C
8100.0,82.7,83.8,6882.9400000000005,0.9835616438356164,C
8150.0,74.1,75.3,6882.9400000000005,0.9835616438356164,C
8200.0,66.4,67.5,6882.9400000000005,0.9835616438356164,C
8250.0,59.5,60.5,6882.9400000000005,0.9835616438356164,C
8300.0,53.2,54.1,6882.9400000000005,0.9835616438356164,C
8400.0,42.5,43.4,6882.9400000000005,0.9835616438356164,C
8500.0,33.9,34.6,6882.9400000000005,0.9835616438356164,C
8600.0,27.0,27.8,6882.9400000000005,0.9835616438356164,C
8700.0,21.7,22.4,6882.9400000000005,0.9835616438356164,C
8800.0,17.4,18.1,6882.9400000000005,0.9835616438356164,C
8900.0,14.1,14.7,6882.9400000000005,0.9835616438356164,C
9000.0,11.5,12.0,6882.9400000000005,0.9835616438356164,C
9200.0,7.7,8.2,6882.9400000000005,0.9835616438356164,C
9400.0,5.2,5.7,6882.9400000000005,0.9835616438356164,C
9600.0,3.6,4.1,6882.9400000000005,0.9835616438356164,C
9800.0,2.55,2.95,6882.9400000000005,0.9835616438356164,C
10000.0,1.8,2.2,6882.9400000000005,0.9835616438356164,C
10200.0,1.25,1.65,6882.9400000000005,0.9835616438356164,C
10400.0,0.85,1.2,6882.9400000000005,0.9835616438356164,C
10600.0,0.7,1.1,6882.9400000000005,0.9835616438356164,C
10800.0,0.55,0.85,6882.9400000000005,0.9835616438356164,C
11000.0,0.45,0.75,6882.9400000000005,0.9835616438356164,C
11200.0,0.35,0.75,6882.9400000000005,0.9835616438356164,C
11400.0,0.25,0.65,6882.9400000000005,0.9835616438356164,C
11600.0,0.2,0.65,6882.9400000000005,0.9835616438356164,C
11800.0,0.15,0.65,6882.9400000000005,0.9835616438356164,C
12000.0,0.1,0.65,6882.9400000000005,0.9835616438356164,C
200.0,6608.9,6647.9,6882.9400000000005,1.0602739726027397,C
400.0,6416.2,6455.4,6882.9400000000005,1.0602739726027397,C
600.0,6225.4,6263.6,6882.9400000000005,1.0602739726027397,C
800.0,6033.6,6073.6,6882.9400000000005,1.0602739726027397,C
1000.0,5850.2,5872.5,6882.9400000000005,1.0602739726027397,C
1200.0,5659.4,5681.2,6882.9400000000005,1.0602739726027397,C
1400.0,5468.7,5490.0,6882.9400000000005,1.0602739726027397,C
1600.0,5278.0,5298.5,6882.9400000000005,1.0602739726027397,C
1800.0,5086.6,5106.6,6882.9400000000005,1.0602739726027397,C
2000.0,4898.2,4917.7,6882.9400000000005,1.0602739726027397,C
2200.0,4707.2,4725.8,6882.9400000000005,1.0602739726027397,C
2400.0,4517.9,4536.1,6882.9400000000005,1.0602739726027397,C
2600.0,4329.0,4346.8,6882.9400000000005,1.0602739726027397,C
2800.0,4140.4,4157.7,6882.9400000000005,1.0602739726027397,C
2900.0,4046.2,4063.5,6882.9400000000005,1.0602739726027397,C
3000.0,3952.0,3968.8,6882.9400000000005,1.0602739726027397,C
3100.0,3858.0,3874.5,6882.9400000000005,1.0602739726027397,C
3200.0,3767.2,3775.8,6882.9400000000005,1.0602739726027397,C
3300.0,3673.3,3682.1,6882.9400000000005,1.0602739726027397,C
3400.0,3579.6,3588.3,6882.9400000000005,1.0602739726027397,C
3500.0,3486.0,3494.6,6882.9400000000005,1.0602739726027397,C
3600.0,3392.5,3401.0,6882.9400000000005,1.0602739726027397,C
3700.0,3299.2,3307.5,6882.9400000000005,1.0602739726027397,C
3800.0,3206.1,3214.3,6882.9400000000005,1.0602739726027397,C
3900.0,3113.2,3121.2,6882.9400000000005,1.0602739726027397,C
4000.0,3020.5,3028.4,6882.9400000000005,1.0602739726027397,C
4100.0,2928.1,2935.8,6882.9400000000005,1.0602739726027397,C
4150.0,2882.0,2889.6,6882.9400000000005,1.0602739726027397,C
4200.0,2836.0,2843.5,6882.9400000000005,1.0602739726027397,C
4250.0,2790.1,2797.5,6882.9400000000005,1.0602739726027397,C
4300.0,2744.1,2751.6,6882.9400000000005,1.0602739726027397,C
4350.0,2698.4,2705.7,6882.9400000000005,1.0602739726027397,C
4400.0,2652.7,2660.0,6882.9400000000005,1.0602739726027397,C
4450.0,2607.1,2614.4,6882.9400000000005,1.0602739726027397,C
4500.0,2561.6,2568.8,6882.9400000000005,1.0602739726027397,C
4550.0,2516.3,2523.4,6882.9400000000005,1.0602739726027397,C
4600.0,2471.0,2478.0,6882.9400000000005,1.0602739726027397,C
4650.0,2425.8,2432.8,6882.9400000000005,1.0602739726027397,C
4700.0,2380.8,2387.7,6882.9400000000005,1.0602739726027397,C
4750.0,2336.0,2342.5,6882.9400000000005,1.0602739726027397,C
4775.0,2312.7,2320.6,6882.9400000000005,1.0602739726027397,C
4800.0,2291.3,2297.7,6882.9400000000005,1.0602739726027397,C
4825.0,2268.0,2275.8,6882.9400000000005,1.0602739726027397,C
4850.0,2246.6,2252.9,6882.9400000000005,1.0602739726027397,C
4875.0,2223.4,2231.5,6882.9400000000005,1.0602739726027397,C
4900.0,2202.2,2208.3,6882.9400000000005,1.0602739726027397,C
4925.0,2179.0,2186.9,6882.9400000000005,1.0602739726027397,C
4950.0,2157.8,2163.8,6882.9400000000005,1.0602739726027397,C
4975.0,2134.8,2142.5,6882.9400000000005,1.0602739726027397,C
5000.0,2113.6,2119.6,6882.9400000000005,1.0602739726027397,C
5025.0,2090.7,2098.4,6882.9400000000005,1.0602739726027397,C
5050.0,2069.6,2075.6,6882.9400000000005,1.0602739726027397,C
5075.0,2046.6,2054.3,6882.9400000000005,1.0602739726027397,C
5100.0,2025.6,2031.6,6882.9400000000005,1.0602739726027397,C
5125.0,2002.8,2010.2,6882.9400000000005,1.0602739726027397,C
5150.0,1981.9,1987.9,6882.9400000000005,1.0602739726027397,C
5175.0,1959.2,1966.9,6882.9400000000005,1.0602739726027397,C
5200.0,1938.4,1944.3,6882.9400000000005,1.0602739726027397,C
5225.0,1915.8,1923.4,6882.9400000000005,1.0602739726027397,C
5250.0,1895.1,1901.0,6882.9400000000005,1.0602739726027397,C
5275.0,1872.5,1880.1,6882.9400000000005,1.0602739726027397,C
5300.0,1851.9,1857.8,6882.9400000000005,1.0602739726027397,C
5325.0,1829.5,1837.1,6882.9400000000005,1.0602739726027397,C
5350.0,1809.0,1814.9,6882.9400000000005,1.0602739726027397,C
5375.0,1786.8,1794.2,6882.9400000000005,1.0602739726027397,C
5400.0,1766.4,1772.2,6882.9400000000005,1.0602739726027397,C
5425.0,1744.3,1751.5,6882.9400000000005,1.0602739726027397,C
5450.0,1724.1,1729.7,6882.9400000000005,1.0602739726027397,C
5475.0,1702.1,1709.2,6882.9400000000005,1.0602739726027397,C
5500.0,1681.9,1687.4,6882.9400000000005,1.0602739726027397,C
5525.0,1660.1,1667.0,6882.9400000000005,1.0602739726027397,C
5550.0,1640.0,1645.3,6882.9400000000005,1.0602739726027397,C
5575.0,1618.3,1625.0,6882.9400000000005,1.0602739726027397,C
5600.0,1598.4,1603.6,6882.9400000000005,1.0602739726027397,C
5625.0,1576.8,1583.3,6882.9400000000005,1.0602739726027397,C
5650.0,1556.9,1562.0,6882.9400000000005,1.0602739726027397,C
5675.0,1535.6,1541.9,6882.9400000000005,1.0602739726027397,C
5700.0,1515.8,1520.7,6882.9400000000005,1.0602739726027397,C
5725.0,1494.5,1500.7,6882.9400000000005,1.0602739726027397,C
5750.0,1474.8,1479.6,6882.9400000000005,1.0602739726027397,C
5775.0,1453.7,1459.8,6882.9400000000005,1.0602739726027397,C
5800.0,1434.2,1438.8,6882.9400000000005,1.0602739726027397,C
5825.0,1413.2,1419.2,6882.9400000000005,1.0602739726027397,C
5850.0,1393.8,1398.3,6882.9400000000005,1.0602739726027397,C
5875.0,1373.0,1378.8,6882.9400000000005,1.0602739726027397,C
5900.0,1353.6,1358.2,6882.9400000000005,1.0602739726027397,C
5925.0,1332.9,1338.9,6882.9400000000005,1.0602739726027397,C
5950.0,1313.7,1318.3,6882.9400000000005,1.0602739726027397,C
5975.0,1293.2,1299.1,6882.9400000000005,1.0602739726027397,C
6000.0,1274.1,1278.6,6882.9400000000005,1.0602739726027397,C
6025.0,1253.8,1259.5,6882.9400000000005,1.0602739726027397,C
6050.0,1234.9,1239.2,6882.9400000000005,1.0602739726027397,C
6075.0,1214.7,1220.3,6882.9400000000005,1.0602739726027397,C
6100.0,1196.0,1200.2,6882.9400000000005,1.0602739726027397,C
6125.0,1175.9,1181.4,6882.9400000000005,1.0602739726027397,C
6150.0,1157.3,1161.5,6882.9400000000005,1.0602739726027397,C
6175.0,1137.4,1142.9,6882.9400000000005,1.0602739726027397,C
6200.0,1119.0,1123.1,6882.9400000000005,1.0602739726027397,C
6225.0,1099.3,1104.7,6882.9400000000005,1.0602739726027397,C
6250.0,1081.0,1085.1,6882.9400000000005,1.0602739726027397,C
6275.0,1064.0,1066.3,6882.9400000000005,1.0602739726027397,C
6300.0,1045.2,1047.5,6882.9400000000005,1.0602739726027397,C
6325.0,1026.5,1028.8,6882.9400000000005,1.0602739726027397,C
6350.0,1007.9,1010.2,6882.9400000000005,1.0602739726027397,C
6375.0,989.4,991.7,6882.9400000000005,1.0602739726027397,C
6400.0,971.0,973.3,6882.9400000000005,1.0602739726027397,C
6425.0,952.7,955.0,6882.9400000000005,1.0602739726027397,C
6450.0,934.2,936.7,6882.9400000000005,1.0602739726027397,C
6475.0,916.3,918.6,6882.9400000000005,1.0602739726027397,C
6500.0,898.3,900.5,6882.9400000000005,1.0602739726027397,C
6525.0,880.3,882.6,6882.9400000000005,1.0602739726027397,C
6550.0,862.5,864.7,6882.9400000000005,1.0602739726027397,C
6575.0,844.7,847.0,6882.9400000000005,1.0602739726027397,C
6600.0,827.1,829.3,6882.9400000000005,1.0602739726027397,C
6625.0,809.3,811.8,6882.9400000000005,1.0602739726027397,C
6650.0,792.1,794.4,6882.9400000000005,1.0602739726027397,C
6675.0,774.8,777.0,6882.9400000000005,1.0602739726027397,C
6700.0,757.6,759.8,6882.9400000000005,1.0602739726027397,C
6725.0,740.6,742.6,6882.9400000000005,1.0602739726027397,C
6750.0,723.6,725.4,6882.9400000000005,1.0602739726027397,C
6775.0,706.8,708.7,6882.9400000000005,1.0602739726027397,C
6800.0,690.1,691.9,6882.9400000000005,1.0602739726027397,C
6825.0,673.5,675.5,6882.9400000000005,1.0602739726027397,C
6850.0,657.1,658.8,6882.9400000000005,1.0602739726027397,C
6875.0,640.8,642.7,6882.9400000000005,1.0602739726027397,C
6900.0,624.7,626.4,6882.9400000000005,1.0602739726027397,C
6925.0,608.7,610.6,6882.9400000000005,1.0602739726027397,C
6950.0,592.9,594.5,6882.9400000000005,1.0602739726027397,C
6975.0,577.2,578.9,6882.9400000000005,1.0602739726027397,C
7000.0,561.7,563.3,6882.9400000000005,1.0602739726027397,C
7025.0,546.3,548.0,6882.9400000000005,1.0602739726027397,C
7050.0,531.1,532.8,6882.9400000000005,1.0602739726027397,C
7075.0,516.1,518.0,6882.9400000000005,1.0602739726027397,C
7100.0,501.3,502.9,6882.9400000000005,1.0602739726027397,C
7125.0,486.6,488.2,6882.9400000000005,1.0602739726027397,C
7150.0,472.1,473.6,6882.9400000000005,1.0602739726027397,C
7175.0,457.8,459.3,6882.9400000000005,1.0602739726027397,C
7200.0,443.7,445.2,6882.9400000000005,1.0602739726027397,C
7225.0,429.8,431.3,6882.9400000000005,1.0602739726027397,C
7250.0,416.1,417.5,6882.9400000000005,1.0602739726027397,C
7275.0,402.5,404.0,6882.9400000000005,1.0602739726027397,C
7300.0,388.9,390.6,6882.9400000000005,1.0602739726027397,C
7325.0,376.2,377.6,6882.9400000000005,1.0602739726027397,C
7350.0,363.3,364.7,6882.9400000000005,1.0602739726027397,C
7375.0,350.7,352.1,6882.9400000000005,1.0602739726027397,C
7400.0,338.3,339.7,6882.9400000000005,1.0602739726027397,C
7425.0,326.2,327.5,6882.9400000000005,1.0602739726027397,C
7450.0,314.3,315.6,6882.9400000000005,1.0602739726027397,C
7475.0,302.6,303.8,6882.9400000000005,1.0602739726027397,C
7500.0,291.2,292.4,6882.9400000000005,1.0602739726027397,C
7525.0,280.1,281.4,6882.9400000000005,1.0602739726027397,C
7550.0,269.2,270.5,6882.9400000000005,1.0602739726027397,C
7575.0,258.6,259.9,6882.9400000000005,1.0602739726027397,C
7600.0,248.3,249.5,6882.9400000000005,1.0602739726027397,C
7625.0,238.2,239.4,6882.9400000000005,1.0602739726027397,C
7650.0,228.4,229.6,6882.9400000000005,1.0602739726027397,C
7675.0,218.9,220.1,6882.9400000000005,1.0602739726027397,C
7700.0,209.7,210.9,6882.9400000000005,1.0602739726027397,C
7725.0,200.8,201.9,6882.9400000000005,1.0602739726027397,C
7750.0,192.1,193.3,6882.9400000000005,1.0602739726027397,C
7800.0,175.6,176.8,6882.9400000000005,1.0602739726027397,C
7850.0,160.2,161.3,6882.9400000000005,1.0602739726027397,C
7900.0,145.8,146.8,6882.9400000000005,1.0602739726027397,C
7950.0,132.5,133.5,6882.9400000000005,1.0602739726027397,C
8000.0,120.3,121.2,6882.9400000000005,1.0602739726027397,C
8050.0,108.9,109.9,6882.9400000000005,1.0602739726027397,C
8100.0,98.5,99.5,6882.9400000000005,1.0602739726027397,C
8200.0,80.3,81.2,6882.9400000000005,1.0602739726027397,C
8300.0,65.2,66.0,6882.9400000000005,1.0602739726027397,C
8400.0,52.7,53.5,6882.9400000000005,1.0602739726027397,C
8500.0,42.6,43.3,6882.9400000000005,1.0602739726027397,C
8600.0,34.4,35.2,6882.9400000000005,1.0602739726027397,C
8700.0,27.8,28.6,6882.9400000000005,1.0602739726027397,C
8800.0,22.6,23.2,6882.9400000000005,1.0602739726027397,C
9000.0,15.1,15.6,6882.9400000000005,1.0602739726027397,C
9200.0,10.3,10.8,6882.9400000000005,1.0602739726027397,C
9400.0,7.1,7.6,6882.9400000000005,1.0602739726027397,C
9600.0,5.1,5.5,6882.9400000000005,1.0602739726027397,C
9800.0,3.6,4.0,6882.9400000000005,1.0602739726027397,C
10000.0,2.65,3.0,6882.9400000000005,1.0602739726027397,C
10200.0,1.95,2.3,6882.9400000000005,1.0602739726027397,C
10400.0,1.4,1.8,6882.9400000000005,1.0602739726027397,C
10600.0,0.95,1.5,6882.9400000000005,1.0602739726027397,C
10800.0,0.8,1.2,6882.9400000000005,1.0602739726027397,C
11000.0,0.65,0.95,6882.9400000000005,1.0602739726027397,C
11200.0,0.55,0.85,6882.9400000000005,1.0602739726027397,C
11400.0,0.45,0.75,6882.9400000000005,1.0602739726027397,C
11600.0,0.35,0.7,6882.9400000000005,1.0602739726027397,C
11800.0,0.3,0.65,6882.9400000000005,1.0602739726027397,C
200.0,6595.1,6634.9,6882.9400000000005,1.3068493150684932,C
400.0,6405.0,6442.3,6882.9400000000005,1.3068493150684932,C
600.0,6215.0,6254.1,6882.9400000000005,1.3068493150684932,C
800.0,6025.2,6064.3,6882.9400000000005,1.3068493150684932,C
1000.0,5842.0,5866.5,6882.9400000000005,1.3068493150684932,C
1200.0,5653.6,5677.8,6882.9400000000005,1.3068493150684932,C
1400.0,5465.1,5488.4,6882.9400000000005,1.3068493150684932,C
1600.0,5276.7,5298.4,6882.9400000000005,1.3068493150684932,C
1800.0,5088.1,5110.1,6882.9400000000005,1.3068493150684932,C
2000.0,4900.4,4921.8,6882.9400000000005,1.3068493150684932,C
2200.0,4711.5,4732.3,6882.9400000000005,1.3068493150684932,C
2400.0,4524.5,4544.7,6882.9400000000005,1.3068493150684932,C
2500.0,4431.1,4451.1,6882.9400000000005,1.3068493150684932,C
2600.0,4337.8,4357.5,6882.9400000000005,1.3068493150684932,C
2700.0,4244.7,4264.0,6882.9400000000005,1.3068493150684932,C
2800.0,4151.6,4170.7,6882.9400000000005,1.3068493150684932,C
2900.0,4058.6,4077.4,6882.9400000000005,1.3068493150684932,C
3000.0,3965.8,3984.2,6882.9400000000005,1.3068493150684932,C
3100.0,3877.2,3888.9,6882.9400000000005,1.3068493150684932,C
3200.0,3784.8,3795.7,6882.9400000000005,1.3068493150684932,C
3300.0,3692.2,3703.0,6882.9400000000005,1.3068493150684932,C
3400.0,3599.8,3610.4,6882.9400000000005,1.3068493150684932,C
3500.0,3507.6,3518.0,6882.9400000000005,1.3068493150684932,C
3600.0,3415.6,3425.8,6882.9400000000005,1.3068493150684932,C
3650.0,3369.7,3379.8,6882.9400000000005,1.3068493150684932,C
3700.0,3323.8,3333.8,6882.9400000000005,1.3068493150684932,C
3750.0,3277.9,3287.8,6882.9400000000005,1.3068493150684932,C
3800.0,3232.2,3242.0,6882.9400000000005,1.3068493150684932,C
3850.0,3186.5,3196.1,6882.9400000000005,1.3068493150684932,C
3900.0,3140.9,3150.4,6882.9400000000005,1.3068493150684932,C
3950.0,3095.3,3104.9,6882.9400000000005,1.3068493150684932,C
4000.0,3049.9,3059.3,6882.9400000000005,1.3068493150684932,C
4050.0,3004.5,3013.8,6882.9400000000005,1.3068493150684932,C
4100.0,2959.1,2968.3,6882.9400000000005,1.3068493150684932,C
4150.0,2913.8,2923.0,6882.9400000000005,1.3068493150684932,C
4200.0,2868.8,2877.8,6882.9400000000005,1.3068493150684932,C
4225.0,2845.1,2856.7,6882.9400000000005,1.3068493150684932,C
4250.0,2823.7,2832.7,6882.9400000000005,1.3068493150684932,C
4275.0,2800.0,2811.5,6882.9400000000005,1.3068493150684932,C
4300.0,2778.8,2787.6,6882.9400000000005,1.3068493150684932,C
4325.0,2755.2,2766.6,6882.9400000000005,1.3068493150684932,C
4350.0,2733.9,2742.7,6882.9400000000005,1.3068493150684932,C
4375.0,2710.3,2721.6,6882.9400000000005,1.3068493150684932,C
4400.0,2689.1,2697.8,6882.9400000000005,1.3068493150684932,C
4425.0,2665.7,2676.8,6882.9400000000005,1.3068493150684932,C
4450.0,2644.6,2653.1,6882.9400000000005,1.3068493150684932,C
4475.0,2621.2,2632.2,6882.9400000000005,1.3068493150684932,C
4500.0,2600.0,2608.5,6882.9400000000005,1.3068493150684932,C
4525.0,2576.7,2587.6,6882.9400000000005,1.3068493150684932,C
4550.0,2555.7,2564.0,6882.9400000000005,1.3068493150684932,C
4575.0,2532.4,2543.2,6882.9400000000005,1.3068493150684932,C
4600.0,2511.4,2519.7,6882.9400000000005,1.3068493150684932,C
4625.0,2488.3,2498.9,6882.9400000000005,1.3068493150684932,C
4650.0,2467.2,2475.4,6882.9400000000005,1.3068493150684932,C
4675.0,2444.2,2454.7,6882.9400000000005,1.3068493150684932,C
4700.0,2423.3,2431.4,6882.9400000000005,1.3068493150684932,C
4725.0,2400.3,2410.7,6882.9400000000005,1.3068493150684932,C
4750.0,2379.4,2387.4,6882.9400000000005,1.3068493150684932,C
4775.0,2356.5,2366.8,6882.9400000000005,1.3068493150684932,C
4800.0,2335.8,2343.6,6882.9400000000005,1.3068493150684932,C
4825.0,2312.9,2323.0,6882.9400000000005,1.3068493150684932,C
4850.0,2292.2,2300.0,6882.9400000000005,1.3068493150684932,C
4875.0,2269.4,2279.4,6882.9400000000005,1.3068493150684932,C
4900.0,2248.8,2256.5,6882.9400000000005,1.3068493150684932,C
4925.0,2226.1,2236.0,6882.9400000000005,1.3068493150684932,C
4950.0,2205.5,2213.6,6882.9400000000005,1.3068493150684932,C
4975.0,2183.1,2192.8,6882.9400000000005,1.3068493150684932,C
5000.0,2162.5,2170.0,6882.9400000000005,1.3068493150684932,C
5025.0,2140.0,2149.7,6882.9400000000005,1.3068493150684932,C
5050.0,2119.6,2127.0,6882.9400000000005,1.3068493150684932,C
5075.0,2097.3,2106.8,6882.9400000000005,1.3068493150684932,C
5100.0,2077.1,2084.1,6882.9400000000005,1.3068493150684932,C
5125.0,2054.8,2063.8,6882.9400000000005,1.3068493150684932,C
5150.0,2034.6,2041.5,6882.9400000000005,1.3068493150684932,C
5175.0,2012.4,2021.3,6882.9400000000005,1.3068493150684932,C
5200.0,1992.2,1999.4,6882.9400000000005,1.3068493150684932,C
5225.0,1970.2,1979.0,6882.9400000000005,1.3068493150684932,C
5250.0,1950.1,1956.8,6882.9400000000005,1.3068493150684932,C
5275.0,1928.3,1936.9,6882.9400000000005,1.3068493150684932,C
5300.0,1908.2,1914.8,6882.9400000000005,1.3068493150684932,C
5325.0,1886.4,1894.9,6882.9400000000005,1.3068493150684932,C
5350.0,1866.5,1873.0,6882.9400000000005,1.3068493150684932,C
5375.0,1844.8,1853.2,6882.9400000000005,1.3068493150684932,C
5400.0,1825.0,1831.4,6882.9400000000005,1.3068493150684932,C
5425.0,1803.4,1811.7,6882.9400000000005,1.3068493150684932,C
5450.0,1783.6,1790.4,6882.9400000000005,1.3068493150684932,C
5475.0,1762.3,1770.5,6882.9400000000005,1.3068493150684932,C
5500.0,1742.6,1748.9,6882.9400000000005,1.3068493150684932,C
5525.0,1721.3,1729.4,6882.9400000000005,1.3068493150684932,C
5550.0,1701.7,1708.3,6882.9400000000005,1.3068493150684932,C
5575.0,1680.6,1688.6,6882.9400000000005,1.3068493150684932,C
5600.0,1661.2,1667.3,6882.9400000000005,1.3068493150684932,C
5625.0,1640.2,1648.0,6882.9400000000005,1.3068493150684932,C
5650.0,1620.8,1627.2,6882.9400000000005,1.3068493150684932,C
5675.0,1599.9,1607.6,6882.9400000000005,1.3068493150684932,C
5700.0,1580.7,1587.0,6882.9400000000005,1.3068493150684932,C
5725.0,1560.0,1567.5,6882.9400000000005,1.3068493150684932,C
5750.0,1540.9,1546.7,6882.9400000000005,1.3068493150684932,C
5775.0,1520.2,1527.7,6882.9400000000005,1.3068493150684932,C
5800.0,1501.3,1507.0,6882.9400000000005,1.3068493150684932,C
5825.0,1480.8,1488.1,6882.9400000000005,1.3068493150684932,C
5850.0,1461.9,1467.9,6882.9400000000005,1.3068493150684932,C
5875.0,1441.6,1448.8,6882.9400000000005,1.3068493150684932,C
5900.0,1422.8,1428.4,6882.9400000000005,1.3068493150684932,C
5925.0,1402.6,1409.8,6882.9400000000005,1.3068493150684932,C
5950.0,1384.0,1389.5,6882.9400000000005,1.3068493150684932,C
5975.0,1364.0,1371.0,6882.9400000000005,1.3068493150684932,C
6000.0,1345.5,1350.9,6882.9400000000005,1.3068493150684932,C
6025.0,1325.7,1332.5,6882.9400000000005,1.3068493150684932,C
6050.0,1307.2,1312.9,6882.9400000000005,1.3068493150684932,C
6075.0,1287.5,1294.5,6882.9400000000005,1.3068493150684932,C
6100.0,1269.2,1274.6,6882.9400000000005,1.3068493150684932,C
6125.0,1249.7,1256.6,6882.9400000000005,1.3068493150684932,C
6150.0,1231.5,1237.1,6882.9400000000005,1.3068493150684932,C
6175.0,1212.1,1218.9,6882.9400000000005,1.3068493150684932,C
6200.0,1194.2,1199.4,6882.9400000000005,1.3068493150684932,C
6225.0,1174.9,1181.7,6882.9400000000005,1.3068493150684932,C
6250.0,1158.1,1161.3,6882.9400000000005,1.3068493150684932,C
6275.0,1139.7,1142.9,6882.9400000000005,1.3068493150684932,C
6300.0,1121.4,1124.6,6882.9400000000005,1.3068493150684932,C
6325.0,1103.2,1106.4,6882.9400000000005,1.3068493150684932,C
6350.0,1085.0,1088.2,6882.9400000000005,1.3068493150684932,C
6375.0,1066.9,1070.2,6882.9400000000005,1.3068493150684932,C
6400.0,1049.0,1052.2,6882.9400000000005,1.3068493150684932,C
6425.0,1031.1,1034.3,6882.9400000000005,1.3068493150684932,C
6450.0,1013.2,1016.4,6882.9400000000005,1.3068493150684932,C
6475.0,995.5,998.7,6882.9400000000005,1.3068493150684932,C
6500.0,977.9,981.1,6882.9400000000005,1.3068493150684932,C
6525.0,960.3,963.5,6882.9400000000005,1.3068493150684932,C
6550.0,942.8,946.0,6882.9400000000005,1.3068493150684932,C
6575.0,925.5,928.6,6882.9400000000005,1.3068493150684932,C
6600.0,908.2,911.4,6882.9400000000005,1.3068493150684932,C
6625.0,891.0,894.2,6882.9400000000005,1.3068493150684932,C
6650.0,873.9,877.1,6882.9400000000005,1.3068493150684932,C
6675.0,856.9,860.1,6882.9400000000005,1.3068493150684932,C
6700.0,840.1,843.2,6882.9400000000005,1.3068493150684932,C
6725.0,823.3,826.4,6882.9400000000005,1.3068493150684932,C
6750.0,806.8,809.4,6882.9400000000005,1.3068493150684932,C
6775.0,790.2,792.9,6882.9400000000005,1.3068493150684932,C
6800.0,773.8,776.5,6882.9400000000005,1.3068493150684932,C
6825.0,757.5,760.1,6882.9400000000005,1.3068493150684932,C
6850.0,741.3,744.0,6882.9400000000005,1.3068493150684932,C
6875.0,725.2,727.9,6882.9400000000005,1.3068493150684932,C
6900.0,709.3,711.9,6882.9400000000005,1.3068493150684932,C
6925.0,693.5,696.1,6882.9400000000005,1.3068493150684932,C
6950.0,677.8,680.4,6882.9400000000005,1.3068493150684932,C
6975.0,662.3,664.9,6882.9400000000005,1.3068493150684932,C
7000.0,646.8,649.5,6882.9400000000005,1.3068493150684932,C
7025.0,631.6,634.2,6882.9400000000005,1.3068493150684932,C
7050.0,616.4,619.1,6882.9400000000005,1.3068493150684932,C
7075.0,601.5,604.0,6882.9400000000005,1.3068493150684932,C
7100.0,586.6,589.2,6882.9400000000005,1.3068493150684932,C
7125.0,572.0,574.5,6882.9400000000005,1.3068493150684932,C
7150.0,557.5,560.0,6882.9400000000005,1.3068493150684932,C
7175.0,543.1,545.6,6882.9400000000005,1.3068493150684932,C
7200.0,528.9,531.4,6882.9400000000005,1.3068493150684932,C
7225.0,514.8,517.3,6882.9400000000005,1.3068493150684932,C
7250.0,501.0,503.4,6882.9400000000005,1.3068493150684932,C
7275.0,487.2,489.7,6882.9400000000005,1.3068493150684932,C
7300.0,473.7,476.2,6882.9400000000005,1.3068493150684932,C
7325.0,460.4,462.8,6882.9400000000005,1.3068493150684932,C
7350.0,447.2,449.6,6882.9400000000005,1.3068493150684932,C
7375.0,434.2,436.6,6882.9400000000005,1.3068493150684932,C
7400.0,421.4,423.8,6882.9400000000005,1.3068493150684932,C
7425.0,408.8,411.2,6882.9400000000005,1.3068493150684932,C
7450.0,396.4,398.8,6882.9400000000005,1.3068493150684932,C
7475.0,384.2,386.5,6882.9400000000005,1.3068493150684932,C
7500.0,372.2,374.5,6882.9400000000005,1.3068493150684932,C
7525.0,360.4,362.7,6882.9400000000005,1.3068493150684932,C
7550.0,348.8,351.1,6882.9400000000005,1.3068493150684932,C
7575.0,337.5,339.7,6882.9400000000005,1.3068493150684932,C
7600.0,326.3,328.5,6882.9400000000005,1.3068493150684932,C
7625.0,315.4,317.6,6882.9400000000005,1.3068493150684932,C
7650.0,304.7,306.7,6882.9400000000005,1.3068493150684932,C
7675.0,294.2,296.4,6882.9400000000005,1.3068493150684932,C
7700.0,284.0,286.1,6882.9400000000005,1.3068493150684932,C
7725.0,274.0,275.9,6882.9400000000005,1.3068493150684932,C
7750.0,264.2,266.2,6882.9400000000005,1.3068493150684932,C
7775.0,254.6,256.6,6882.9400000000005,1.3068493150684932,C
7800.0,245.3,247.4,6882.9400000000005,1.3068493150684932,C
7825.0,236.2,238.2,6882.9400000000005,1.3068493150684932,C
7850.0,227.4,229.4,6882.9400000000005,1.3068493150684932,C
7875.0,218.8,220.8,6882.9400000000005,1.3068493150684932,C
7900.0,210.4,212.4,6882.9400000000005,1.3068493150684932,C
7950.0,194.4,196.3,6882.9400000000005,1.3068493150684932,C
8000.0,179.4,181.2,6882.9400000000005,1.3068493150684932,C
8050.0,165.2,167.1,6882.9400000000005,1.3068493150684932,C
8100.0,151.9,153.8,6882.9400000000005,1.3068493150684932,C
8150.0,139.5,141.2,6882.9400000000005,1.3068493150684932,C
8200.0,127.9,129.6,6882.9400000000005,1.3068493150684932,C
8300.0,107.2,108.7,6882.9400000000005,1.3068493150684932,C
8400.0,89.4,90.9,6882.9400000000005,1.3068493150684932,C
8500.0,74.5,75.8,6882.9400000000005,1.3068493150684932,C
8600.0,61.9,63.1,6882.9400000000005,1.3068493150684932,C
8700.0,51.3,52.5,6882.9400000000005,1.3068493150684932,C
8800.0,42.5,43.5,6882.9400000000005,1.3068493150684932,C
8900.0,35.3,36.2,6882.9400000000005,1.3068493150684932,C
9000.0,29.4,30.2,6882.9400000000005,1.3068493150684932,C
9200.0,20.6,21.3,6882.9400000000005,1.3068493150684932,C
9400.0,14.6,15.3,6882.9400000000005,1.3068493150684932,C
9600.0,10.6,11.3,6882.9400000000005,1.3068493150684932,C
9800.0,7.9,8.4,6882.9400000000005,1.3068493150684932,C
10000.0,5.9,6.4,6882.9400000000005,1.3068493150684932,C
10200.0,4.4,4.9,6882.9400000000005,1.3068493150684932,C
10400.0,3.3,3.9,6882.9400000000005,1.3068493150684932,C
10600.0,2.55,3.1,6882.9400000000005,1.3068493150684932,C
10800.0,1.95,2.4,6882.9400000000005,1.3068493150684932,C
11000.0,1.5,1.95,6882.9400000000005,1.3068493150684932,C
11200.0,1.1,1.85,6882.9400000000005,1.3068493150684932,C
11400.0,0.95,1.65,6882.9400000000005,1.3068493150684932,C
400.0,6379.5,6418.9,6882.9400000000005,1.808219178082192,C
600.0,6193.0,6232.8,6882.9400000000005,1.808219178082192,C
800.0,6007.1,6046.5,6882.9400000000005,1.808219178082192,C
1000.0,5821.2,5856.8,6882.9400000000005,1.808219178082192,C
1200.0,5636.2,5670.9,6882.9400000000005,1.808219178082192,C
1400.0,5451.6,5485.3,6882.9400000000005,1.808219178082192,C
1600.0,5267.3,5300.1,6882.9400000000005,1.808219178082192,C
1800.0,5083.3,5115.3,6882.9400000000005,1.808219178082192,C
2000.0,4899.9,4931.0,6882.9400000000005,1.808219178082192,C
2200.0,4716.9,4747.1,6882.9400000000005,1.808219178082192,C
2300.0,4625.6,4655.3,6882.9400000000005,1.808219178082192,C
2400.0,4534.3,4563.6,6882.9400000000005,1.808219178082192,C
2500.0,4443.3,4472.1,6882.9400000000005,1.808219178082192,C
2600.0,4352.3,4380.9,6882.9400000000005,1.808219178082192,C
2700.0,4261.6,4289.6,6882.9400000000005,1.808219178082192,C
2800.0,4170.9,4198.5,6882.9400000000005,1.808219178082192,C
2900.0,4085.0,4105.2,6882.9400000000005,1.808219178082192,C
3000.0,3994.6,4014.5,6882.9400000000005,1.808219178082192,C
3100.0,3904.4,3923.9,6882.9400000000005,1.808219178082192,C
3200.0,3814.3,3833.5,6882.9400000000005,1.808219178082192,C
3300.0,3724.5,3743.4,6882.9400000000005,1.808219178082192,C
3400.0,3634.9,3653.4,6882.9400000000005,1.808219178082192,C
3500.0,3545.6,3563.7,6882.9400000000005,1.808219178082192,C
3600.0,3456.5,3474.3,6882.9400000000005,1.808219178082192,C
3700.0,3367.7,3385.2,6882.9400000000005,1.808219178082192,C
3800.0,3279.3,3296.4,6882.9400000000005,1.808219178082192,C
3900.0,3191.2,3208.0,6882.9400000000005,1.808219178082192,C
4000.0,3103.4,3119.9,6882.9400000000005,1.808219178082192,C
4100.0,3016.4,3031.9,6882.9400000000005,1.808219178082192,C
4150.0,2972.9,2988.2,6882.9400000000005,1.808219178082192,C
4200.0,2929.5,2944.7,6882.9400000000005,1.808219178082192,C
4250.0,2886.2,2901.2,6882.9400000000005,1.808219178082192,C
4300.0,2843.1,2857.9,6882.9400000000005,1.808219178082192,C
4350.0,2800.1,2814.7,6882.9400000000005,1.808219178082192,C
4400.0,2757.2,2771.7,6882.9400000000005,1.808219178082192,C
4450.0,2714.4,2728.7,6882.9400000000005,1.808219178082192,C
4500.0,2671.8,2686.0,6882.9400000000005,1.808219178082192,C
4550.0,2629.3,2643.3,6882.9400000000005,1.808219178082192,C
4600.0,2587.0,2600.8,6882.9400000000005,1.808219178082192,C
4650.0,2544.7,2558.4,6882.9400000000005,1.808219178082192,C
4700.0,2502.6,2516.3,6882.9400000000005,1.808219178082192,C
4750.0,2460.8,2474.3,6882.9400000000005,1.808219178082192,C
4800.0,2419.1,2432.5,6882.9400000000005,1.808219178082192,C
4850.0,2377.5,2390.7,6882.9400000000005,1.808219178082192,C
4900.0,2336.2,2349.2,6882.9400000000005,1.808219178082192,C
4950.0,2294.9,2307.9,6882.9400000000005,1.808219178082192,C
5000.0,2253.9,2266.7,6882.9400000000005,1.808219178082192,C
5050.0,2213.1,2225.7,6882.9400000000005,1.808219178082192,C
5100.0,2172.3,2184.9,6882.9400000000005,1.808219178082192,C
5150.0,2131.9,2144.3,6882.9400000000005,1.808219178082192,C
5200.0,2091.6,2103.9,6882.9400000000005,1.808219178082192,C
5250.0,2051.5,2063.7,6882.9400000000005,1.808219178082192,C
5300.0,2011.7,2023.6,6882.9400000000005,1.808219178082192,C
5350.0,1972.0,1983.8,6882.9400000000005,1.808219178082192,C
5400.0,1932.5,1944.2,6882.9400000000005,1.808219178082192,C
5450.0,1893.2,1904.8,6882.9400000000005,1.808219178082192,C
5500.0,1854.2,1865.6,6882.9400000000005,1.808219178082192,C
5550.0,1815.4,1826.7,6882.9400000000005,1.808219178082192,C
5600.0,1776.8,1787.9,6882.9400000000005,1.808219178082192,C
5650.0,1738.6,1749.1,6882.9400000000005,1.808219178082192,C
5700.0,1700.5,1710.9,6882.9400000000005,1.808219178082192,C
5750.0,1662.5,1672.8,6882.9400000000005,1.808219178082192,C
5800.0,1624.9,1635.1,6882.9400000000005,1.808219178082192,C
5850.0,1587.4,1597.5,6882.9400000000005,1.808219178082192,C
5900.0,1550.3,1560.2,6882.9400000000005,1.808219178082192,C
5950.0,1513.4,1523.1,6882.9400000000005,1.808219178082192,C
6000.0,1476.7,1486.3,6882.9400000000005,1.808219178082192,C
6050.0,1440.2,1449.8,6882.9400000000005,1.808219178082192,C
6100.0,1404.1,1413.5,6882.9400000000005,1.808219178082192,C
6150.0,1368.2,1377.5,6882.9400000000005,1.808219178082192,C
6200.0,1334.0,1339.2,6882.9400000000005,1.808219178082192,C
6250.0,1298.6,1304.4,6882.9400000000005,1.808219178082192,C
6300.0,1263.5,1269.3,6882.9400000000005,1.808219178082192,C
6350.0,1228.7,1233.9,6882.9400000000005,1.808219178082192,C
6400.0,1194.2,1199.4,6882.9400000000005,1.808219178082192,C
6450.0,1159.9,1165.1,6882.9400000000005,1.808219178082192,C
6500.0,1125.9,1131.1,6882.9400000000005,1.808219178082192,C
6550.0,1092.2,1097.4,6882.9400000000005,1.808219178082192,C
6600.0,1058.9,1064.0,6882.9400000000005,1.808219178082192,C
6650.0,1025.8,1030.9,6882.9400000000005,1.808219178082192,C
6700.0,993.0,998.2,6882.9400000000005,1.808219178082192,C
6750.0,960.6,965.8,6882.9400000000005,1.808219178082192,C
6800.0,928.9,933.7,6882.9400000000005,1.808219178082192,C
6850.0,897.3,902.0,6882.9400000000005,1.808219178082192,C
6900.0,866.0,870.7,6882.9400000000005,1.808219178082192,C
6950.0,835.2,839.8,6882.9400000000005,1.808219178082192,C
7000.0,804.7,809.4,6882.9400000000005,1.808219178082192,C
7050.0,774.7,779.3,6882.9400000000005,1.808219178082192,C
7100.0,745.1,749.7,6882.9400000000005,1.808219178082192,C
7150.0,716.0,720.6,6882.9400000000005,1.808219178082192,C
7200.0,687.4,692.0,6882.9400000000005,1.808219178082192,C
7250.0,659.3,663.8,6882.9400000000005,1.808219178082192,C
7300.0,631.7,636.2,6882.9400000000005,1.808219178082192,C
7350.0,604.6,609.1,6882.9400000000005,1.808219178082192,C
7400.0,578.1,582.5,6882.9400000000005,1.808219178082192,C
7450.0,552.1,556.5,6882.9400000000005,1.808219178082192,C
7500.0,526.7,531.1,6882.9400000000005,1.808219178082192,C
7550.0,502.0,506.2,6882.9400000000005,1.808219178082192,C
7600.0,477.8,482.0,6882.9400000000005,1.808219178082192,C
7650.0,454.2,458.4,6882.9400000000005,1.808219178082192,C
7700.0,431.4,435.5,6882.9400000000005,1.808219178082192,C
7750.0,409.0,413.2,6882.9400000000005,1.808219178082192,C
7800.0,387.5,391.6,6882.9400000000005,1.808219178082192,C
7850.0,366.7,370.7,6882.9400000000005,1.808219178082192,C
7900.0,346.5,350.5,6882.9400000000005,1.808219178082192,C
7950.0,327.1,331.0,6882.9400000000005,1.808219178082192,C
8000.0,308.4,312.2,6882.9400000000005,1.808219178082192,C
8050.0,290.5,294.1,6882.9400000000005,1.808219178082192,C
8100.0,273.2,276.8,6882.9400000000005,1.808219178082192,C
8150.0,256.7,260.2,6882.9400000000005,1.808219178082192,C
8200.0,240.9,244.4,6882.9400000000005,1.808219178082192,C
8300.0,211.4,214.9,6882.9400000000005,1.808219178082192,C
8400.0,184.8,188.2,6882.9400000000005,1.808219178082192,C
8500.0,160.9,164.3,6882.9400000000005,1.808219178082192,C
8600.0,139.6,143.0,6882.9400000000005,1.808219178082192,C
8700.0,120.7,123.8,6882.9400000000005,1.808219178082192,C
8800.0,104.3,107.3,6882.9400000000005,1.808219178082192,C
8900.0,90.0,93.2,6882.9400000000005,1.808219178082192,C
9000.0,77.9,80.4,6882.9400000000005,1.808219178082192,C
9200.0,58.1,60.0,6882.9400000000005,1.808219178082192,C
9400.0,43.6,45.3,6882.9400000000005,1.808219178082192,C
9500.0,37.9,39.5,6882.9400000000005,1.808219178082192,C
9550.0,35.4,36.9,6882.9400000000005,1.808219178082192,C
9600.0,33.0,34.6,6882.9400000000005,1.808219178082192,C
9800.0,25.4,26.8,6882.9400000000005,1.808219178082192,C
10000.0,19.8,21.1,6882.9400000000005,1.808219178082192,C
10200.0,15.7,17.0,6882.9400000000005,1.808219178082192,C
10400.0,12.7,13.8,6882.9400000000005,1.808219178082192,C
10600.0,10.4,11.4,6882.9400000000005,1.808219178082192,C
10800.0,8.5,9.5,6882.9400000000005,1.808219178082192,C
11000.0,7.1,7.9,6882.9400000000005,1.808219178082192,C
11200.0,5.9,6.7,6882.9400000000005,1.808219178082192,C
11400.0,4.9,5.7,6882.9400000000005,1.808219178082192,C
12000.0,2.9,3.4,6882.9400000000005,1.808219178082192,C
400.0,6204.8,6504.8,6882.9400000000005,2.8054794520547945,C
800.0,5846.2,6146.2,6882.9400000000005,2.8054794520547945,C
1200.0,5490.3,5790.3,6882.9400000000005,2.8054794520547945,C
1600.0,5136.7,5436.7,6882.9400000000005,2.8054794520547945,C
1800.0,4960.8,5260.8,6882.9400000000005,2.8054794520547945,C
2000.0,4785.5,5085.5,6882.9400000000005,2.8054794520547945,C
2200.0,4610.8,4910.8,6882.9400000000005,2.8054794520547945,C
2400.0,4436.7,4736.7,6882.9400000000005,2.8054794520547945,C
2600.0,4263.5,4563.5,6882.9400000000005,2.8054794520547945,C
2700.0,4177.3,4477.3,6882.9400000000005,2.8054794520547945,C
2800.0,4091.1,4391.1,6882.9400000000005,2.8054794520547945,C
2900.0,4005.8,4305.8,6882.9400000000005,2.8054794520547945,C
3000.0,3920.3,4220.3,6882.9400000000005,2.8054794520547945,C
3100.0,3834.6,4134.6,6882.9400000000005,2.8054794520547945,C
3200.0,3749.8,4049.8,6882.9400000000005,2.8054794520547945,C
3300.0,3665.0,3965.0,6882.9400000000005,2.8054794520547945,C
3400.0,3580.9,3880.9,6882.9400000000005,2.8054794520547945,C
3500.0,3496.6,3796.6,6882.9400000000005,2.8054794520547945,C
3600.0,3412.8,3712.8,6882.9400000000005,2.8054794520547945,C
3700.0,3329.5,3629.5,6882.9400000000005,2.8054794520547945,C
3800.0,3246.5,3546.5,6882.9400000000005,2.8054794520547945,C
3900.0,3164.0,3464.0,6882.9400000000005,2.8054794520547945,C
4000.0,3081.9,3381.9,6882.9400000000005,2.8054794520547945,C
4100.0,3000.4,3300.4,6882.9400000000005,2.8054794520547945,C
4200.0,2918.7,3218.7,6882.9400000000005,2.8054794520547945,C
4300.0,2838.5,3138.5,6882.9400000000005,2.8054794520547945,C
4400.0,2757.9,3057.9,6882.9400000000005,2.8054794520547945,C
4500.0,2678.7,2978.7,6882.9400000000005,2.8054794520547945,C
4600.0,2599.9,2899.9,6882.9400000000005,2.8054794520547945,C
4700.0,2521.5,2821.5,6882.9400000000005,2.8054794520547945,C
4800.0,2444.0,2744.0,6882.9400000000005,2.8054794520547945,C
4900.0,2366.7,2666.7,6882.9400000000005,2.8054794520547945,C
5000.0,2290.5,2590.5,6882.9400000000005,2.8054794520547945,C
5100.0,2215.1,2515.1,6882.9400000000005,2.8054794520547945,C
5200.0,2140.3,2440.3,6882.9400000000005,2.8054794520547945,C
5300.0,2066.2,2366.2,6882.9400000000005,2.8054794520547945,C
5400.0,1993.3,2293.3,6882.9400000000005,2.8054794520547945,C
5500.0,1921.5,2221.5,6882.9400000000005,2.8054794520547945,C
5600.0,1850.0,2150.0,6882.9400000000005,2.8054794520547945,C
5700.0,1779.4,2079.4,6882.9400000000005,2.8054794520547945,C
5800.0,1709.7,2009.7,6882.9400000000005,2.8054794520547945,C
5900.0,1641.0,1941.0,6882.9400000000005,2.8054794520547945,C
6000.0,1572.8,1872.8,6882.9400000000005,2.8054794520547945,C
6100.0,1505.7,1805.7,6882.9400000000005,2.8054794520547945,C
6200.0,1439.2,1739.2,6882.9400000000005,2.8054794520547945,C
6300.0,1518.1,1529.7,6882.9400000000005,2.8054794520547945,C
6400.0,1453.4,1465.0,6882.9400000000005,2.8054794520547945,C
6500.0,1389.4,1401.0,6882.9400000000005,2.8054794520547945,C
6600.0,1326.3,1337.9,6882.9400000000005,2.8054794520547945,C
6700.0,1264.0,1275.6,6882.9400000000005,2.8054794520547945,C
6800.0,1202.6,1214.1,6882.9400000000005,2.8054794520547945,C
6900.0,1142.2,1153.7,6882.9400000000005,2.8054794520547945,C
7000.0,1082.9,1094.0,6882.9400000000005,2.8054794520547945,C
7100.0,1024.7,1035.8,6882.9400000000005,2.8054794520547945,C
7200.0,967.8,978.8,6882.9400000000005,2.8054794520547945,C
7300.0,912.2,923.1,6882.9400000000005,2.8054794520547945,C
7400.0,857.9,868.8,6882.9400000000005,2.8054794520547945,C
7500.0,805.2,816.0,6882.9400000000005,2.8054794520547945,C
7600.0,754.0,764.7,6882.9400000000005,2.8054794520547945,C
7700.0,704.4,715.1,6882.9400000000005,2.8054794520547945,C
7800.0,656.6,667.3,6882.9400000000005,2.8054794520547945,C
7900.0,610.5,621.1,6882.9400000000005,2.8054794520547945,C
8000.0,566.2,576.8,6882.9400000000005,2.8054794520547945,C
8200.0,483.4,493.8,6882.9400000000005,2.8054794520547945,C
8400.0,408.6,418.6,6882.9400000000005,2.8054794520547945,C
8600.0,342.1,351.5,6882.9400000000005,2.8054794520547945,C
8800.0,283.8,292.5,6882.9400000000005,2.8054794520547945,C
9000.0,233.0,241.4,6882.9400000000005,2.8054794520547945,C
9200.0,189.8,197.8,6882.9400000000005,2.8054794520547945,C
9400.0,153.4,161.3,6882.9400000000005,2.8054794520547945,C
9500.0,137.7,145.5,6882.9400000000005,2.8054794520547945,C
9550.0,130.4,138.1,6882.9400000000005,2.8054794520547945,C
9600.0,123.6,131.2,6882.9400000000005,2.8054794520547945,C
9800.0,100.1,106.0,6882.9400000000005,2.8054794520547945,C
10000.0,80.9,86.2,6882.9400000000005,2.8054794520547945,C
10200.0,65.5,70.4,6882.9400000000005,2.8054794520547945,C
10400.0,53.4,57.7,6882.9400000000005,2.8054794520547945,C
10600.0,43.7,47.7,6882.9400000000005,2.8054794520547945,C
10800.0,36.0,39.6,6882.9400000000005,2.8054794520547945,C
11000.0,29.9,33.2,6882.9400000000005,2.8054794520547945,C
11200.0,25.0,28.0,6882.9400000000005,2.8054794520547945,C
11400.0,21.1,23.9,6882.9400000000005,2.8054794520547945,C
12000.0,13.1,15.4,6882.9400000000005,2.8054794520547945,C
400.0,6165.8,6465.8,6882.9400000000005,3.821917808219178,C
800.0,5821.0,6121.0,6882.9400000000005,3.821917808219178,C
1200.0,5480.7,5780.7,6882.9400000000005,3.821917808219178,C
1600.0,5144.8,5444.8,6882.9400000000005,3.821917808219178,C
1800.0,4977.2,5277.2,6882.9400000000005,3.821917808219178,C
2000.0,4809.7,5109.7,6882.9400000000005,3.821917808219178,C
2200.0,4643.4,4943.4,6882.9400000000005,3.821917808219178,C
2400.0,4478.2,4778.2,6882.9400000000005,3.821917808219178,C
2600.0,4313.6,4613.6,6882.9400000000005,3.821917808219178,C
2800.0,4150.4,4450.4,6882.9400000000005,3.821917808219178,C
2900.0,4069.7,4369.7,6882.9400000000005,3.821917808219178,C
3000.0,3988.5,4288.5,6882.9400000000005,3.821917808219178,C
3100.0,3908.3,4208.3,6882.9400000000005,3.821917808219178,C
3200.0,3827.9,4127.9,6882.9400000000005,3.821917808219178,C
3300.0,3747.9,4047.9,6882.9400000000005,3.821917808219178,C
3400.0,3668.6,3968.6,6882.9400000000005,3.821917808219178,C
3500.0,3589.5,3889.5,6882.9400000000005,3.821917808219178,C
3600.0,3510.7,3810.7,6882.9400000000005,3.821917808219178,C
3700.0,3432.6,3732.6,6882.9400000000005,3.821917808219178,C
3800.0,3354.5,3654.5,6882.9400000000005,3.821917808219178,C
3900.0,3277.2,3577.2,6882.9400000000005,3.821917808219178,C
4000.0,3200.2,3500.2,6882.9400000000005,3.821917808219178,C
4100.0,3124.0,3424.0,6882.9400000000005,3.821917808219178,C
4200.0,3047.9,3347.9,6882.9400000000005,3.821917808219178,C
4300.0,2972.2,3272.2,6882.9400000000005,3.821917808219178,C
4400.0,2898.0,3198.0,6882.9400000000005,3.821917808219178,C
4500.0,2823.7,3123.7,6882.9400000000005,3.821917808219178,C
4600.0,2750.0,3050.0,6882.9400000000005,3.821917808219178,C
4700.0,2677.4,2977.4,6882.9400000000005,3.821917808219178,C
4800.0,2605.4,2905.4,6882.9400000000005,3.821917808219178,C
4900.0,2534.1,2834.1,6882.9400000000005,3.821917808219178,C
5000.0,2463.6,2763.6,6882.9400000000005,3.821917808219178,C
5100.0,2393.6,2693.6,6882.9400000000005,3.821917808219178,C
5200.0,2324.7,2624.7,6882.9400000000005,3.821917808219178,C
5300.0,2256.5,2556.5,6882.9400000000005,3.821917808219178,C
5400.0,2189.3,2489.3,6882.9400000000005,3.821917808219178,C
5500.0,2122.9,2422.9,6882.9400000000005,3.821917808219178,C
5600.0,2056.8,2356.8,6882.9400000000005,3.821917808219178,C
5675.0,2008.2,2308.2,6882.9400000000005,3.821917808219178,C
5700.0,1992.0,2292.0,6882.9400000000005,3.821917808219178,C
5800.0,1927.4,2227.4,6882.9400000000005,3.821917808219178,C
5900.0,1863.5,2163.5,6882.9400000000005,3.821917808219178,C
5950.0,1832.3,2132.3,6882.9400000000005,3.821917808219178,C
6000.0,1800.9,2100.9,6882.9400000000005,3.821917808219178,C
6100.0,1738.8,2038.8,6882.9400000000005,3.821917808219178,C
6200.0,1676.9,1976.9,6882.9400000000005,3.821917808219178,C
6300.0,1735.2,1794.2,6882.9400000000005,3.821917808219178,C
6400.0,1674.5,1734.0,6882.9400000000005,3.821917808219178,C
6500.0,1614.4,1674.4,6882.9400000000005,3.821917808219178,C
6600.0,1554.9,1615.3,6882.9400000000005,3.821917808219178,C
6700.0,1496.0,1556.8,6882.9400000000005,3.821917808219178,C
6800.0,1437.6,1498.8,6882.9400000000005,3.821917808219178,C
6900.0,1379.9,1441.4,6882.9400000000005,3.821917808219178,C
7000.0,1322.7,1384.6,6882.9400000000005,3.821917808219178,C
7100.0,1266.4,1328.6,6882.9400000000005,3.821917808219178,C
7200.0,1211.3,1273.3,6882.9400000000005,3.821917808219178,C
7300.0,1156.3,1218.9,6882.9400000000005,3.821917808219178,C
7400.0,1102.6,1165.5,6882.9400000000005,3.821917808219178,C
7500.0,1049.9,1113.0,6882.9400000000005,3.821917808219178,C
7600.0,998.3,1061.6,6882.9400000000005,3.821917808219178,C
7700.0,947.9,1011.3,6882.9400000000005,3.821917808219178,C
7800.0,898.7,962.2,6882.9400000000005,3.821917808219178,C
7900.0,850.9,914.4,6882.9400000000005,3.821917808219178,C
8000.0,804.4,867.9,6882.9400000000005,3.821917808219178,C
8200.0,715.7,779.0,6882.9400000000005,3.821917808219178,C
8400.0,633.3,696.0,6882.9400000000005,3.821917808219178,C
8600.0,557.5,618.8,6882.9400000000005,3.821917808219178,C
8800.0,488.1,547.6,6882.9400000000005,3.821917808219178,C
9000.0,424.7,482.4,6882.9400000000005,3.821917808219178,C
9200.0,367.1,423.1,6882.9400000000005,3.821917808219178,C
9400.0,315.6,369.6,6882.9400000000005,3.821917808219178,C
9500.0,291.6,345.0,6882.9400000000005,3.821917808219178,C
9550.0,280.1,333.1,6882.9400000000005,3.821917808219178,C
9600.0,269.0,321.7,6882.9400000000005,3.821917808219178,C
9800.0,227.3,279.1,6882.9400000000005,3.821917808219178,C
10000.0,190.4,241.6,6882.9400000000005,3.821917808219178,C
10200.0,158.8,208.9,6882.9400000000005,3.821917808219178,C
10400.0,131.9,180.7,6882.9400000000005,3.821917808219178,C
10600.0,109.5,156.5,6882.9400000000005,3.821917808219178,C
10800.0,94.9,131.6,6882.9400000000005,3.821917808219178,C
11000.0,79.6,113.7,6882.9400000000005,3.821917808219178,C
11200.0,66.8,98.4,6882.9400000000005,3.821917808219178,C
11400.0,56.2,85.5,6882.9400000000005,3.821917808219178,C
12000.0,35.0,57.6,6882.9400000000005,3.821917808219178,C
400.0,6134.0,6434.0,6882.9400000000005,4.8191780821917805,C
800.0,5804.5,6104.5,6882.9400000000005,4.8191780821917805,C
1200.0,5478.6,5778.6,6882.9400000000005,4.8191780821917805,C
1600.0,5156.5,5456.5,6882.9400000000005,4.8191780821917805,C
1800.0,4996.9,5296.9,6882.9400000000005,4.8191780821917805,C
2000.0,4838.2,5138.2,6882.9400000000005,4.8191780821917805,C
2200.0,4680.6,4980.6,6882.9400000000005,4.8191780821917805,C
2400.0,4523.8,4823.8,6882.9400000000005,4.8191780821917805,C
2600.0,4367.9,4667.9,6882.9400000000005,4.8191780821917805,C
2800.0,4213.3,4513.3,6882.9400000000005,4.8191780821917805,C
2900.0,4136.3,4436.3,6882.9400000000005,4.8191780821917805,C
3000.0,4059.5,4359.5,6882.9400000000005,4.8191780821917805,C
3100.0,3983.9,4283.9,6882.9400000000005,4.8191780821917805,C
3200.0,3908.1,4208.1,6882.9400000000005,4.8191780821917805,C
3300.0,3832.7,4132.7,6882.9400000000005,4.8191780821917805,C
3400.0,3757.4,4057.4,6882.9400000000005,4.8191780821917805,C
3500.0,3682.9,3982.9,6882.9400000000005,4.8191780821917805,C
3600.0,3608.6,3908.6,6882.9400000000005,4.8191780821917805,C
3700.0,3534.9,3834.9,6882.9400000000005,4.8191780821917805,C
3800.0,3461.7,3761.7,6882.9400000000005,4.8191780821917805,C
3900.0,3388.8,3688.8,6882.9400000000005,4.8191780821917805,C
4000.0,3316.7,3616.7,6882.9400000000005,4.8191780821917805,C
4100.0,3245.1,3545.1,6882.9400000000005,4.8191780821917805,C
4200.0,3174.3,3474.3,6882.9400000000005,4.8191780821917805,C
4300.0,3103.8,3403.8,6882.9400000000005,4.8191780821917805,C
4400.0,3034.0,3334.0,6882.9400000000005,4.8191780821917805,C
4500.0,2964.6,3264.6,6882.9400000000005,4.8191780821917805,C
4600.0,2896.0,3196.0,6882.9400000000005,4.8191780821917805,C
4700.0,2828.1,3128.1,6882.9400000000005,4.8191780821917805,C
4800.0,2760.8,3060.8,6882.9400000000005,4.8191780821917805,C
4900.0,2693.7,2993.7,6882.9400000000005,4.8191780821917805,C
5000.0,2628.2,2928.2,6882.9400000000005,4.8191780821917805,C
5100.0,2562.6,2862.6,6882.9400000000005,4.8191780821917805,C
5200.0,2497.9,2797.9,6882.9400000000005,4.8191780821917805,C
5300.0,2434.2,2734.2,6882.9400000000005,4.8191780821917805,C
5400.0,2371.3,2671.3,6882.9400000000005,4.8191780821917805,C
5500.0,2308.9,2608.9,6882.9400000000005,4.8191780821917805,C
5600.0,2247.4,2547.4,6882.9400000000005,4.8191780821917805,C
5675.0,2201.7,2501.7,6882.9400000000005,4.8191780821917805,C
5700.0,2186.7,2486.7,6882.9400000000005,4.8191780821917805,C
5800.0,2126.9,2426.9,6882.9400000000005,4.8191780821917805,C
5900.0,2067.8,2367.8,6882.9400000000005,4.8191780821917805,C
6000.0,2009.0,2309.0,6882.9400000000005,4.8191780821917805,C
6100.0,1951.1,2251.1,6882.9400000000005,4.8191780821917805,C
6150.0,1922.7,2222.7,6882.9400000000005,4.8191780821917805,C
6200.0,1894.0,2194.0,6882.9400000000005,4.8191780821917805,C
6300.0,1837.2,2137.2,6882.9400000000005,4.8191780821917805,C
6400.0,1780.4,2080.4,6882.9400000000005,4.8191780821917805,C
6500.0,1833.3,1919.8,6882.9400000000005,4.8191780821917805,C
6600.0,1777.2,1864.3,6882.9400000000005,4.8191780821917805,C
6700.0,1721.5,1809.2,6882.9400000000005,4.8191780821917805,C
6800.0,1666.3,1754.4,6882.9400000000005,4.8191780821917805,C
6900.0,1611.4,1700.1,6882.9400000000005,4.8191780821917805,C
7000.0,1556.8,1655.0,6882.9400000000005,4.8191780821917805,C
7100.0,1502.7,1592.4,6882.9400000000005,4.8191780821917805,C
7200.0,1449.1,1539.2,6882.9400000000005,4.8191780821917805,C
7300.0,1396.0,1486.5,6882.9400000000005,4.8191780821917805,C
7400.0,1343.5,1434.4,6882.9400000000005,4.8191780821917805,C
7500.0,1293.7,1382.9,6882.9400000000005,4.8191780821917805,C
7600.0,1242.3,1332.2,6882.9400000000005,4.8191780821917805,C
7700.0,1191.6,1282.1,6882.9400000000005,4.8191780821917805,C
7800.0,1141.8,1232.9,6882.9400000000005,4.8191780821917805,C
7900.0,1093.0,1184.6,6882.9400000000005,4.8191780821917805,C
8000.0,1045.2,1137.2,6882.9400000000005,4.8191780821917805,C
8200.0,952.9,1045.4,6882.9400000000005,4.8191780821917805,C
8400.0,865.5,958.0,6882.9400000000005,4.8191780821917805,C
8600.0,782.9,875.3,6882.9400000000005,4.8191780821917805,C
8800.0,706.0,797.5,6882.9400000000005,4.8191780821917805,C
9000.0,634.4,724.7,6882.9400000000005,4.8191780821917805,C
9200.0,568.1,656.8,6882.9400000000005,4.8191780821917805,C
9400.0,506.6,593.8,6882.9400000000005,4.8191780821917805,C
9500.0,477.8,564.0,6882.9400000000005,4.8191780821917805,C
9550.0,463.9,549.6,6882.9400000000005,4.8191780821917805,C
9600.0,450.3,535.4,6882.9400000000005,4.8191780821917805,C
9800.0,398.5,481.6,6882.9400000000005,4.8191780821917805,C
10000.0,351.2,432.3,6882.9400000000005,4.8191780821917805,C
10200.0,307.7,387.2,6882.9400000000005,4.8191780821917805,C
10400.0,267.6,346.1,6882.9400000000005,4.8191780821917805,C
10600.0,231.5,309.0,6882.9400000000005,4.8191780821917805,C
10800.0,199.3,275.7,6882.9400000000005,4.8191780821917805,C
11000.0,171.7,246.0,6882.9400000000005,4.8191780821917805,C
11200.0,147.5,219.6,6882.9400000000005,4.8191780821917805,C
11400.0,126.4,196.3,6882.9400000000005,4.8191780821917805,C
12000.0,95.0,135.7,6882.9400000000005,4.8191780821917805,C
13000.0,42.9,80.6,6882.9400000000005,4.8191780821917805,C
14000.0,22.4,51.5,6882.9400000000005,4.8191780821917805,C
15000.0,11.9,35.1,6882.9400000000005,4.8191780821917805,C
2000.0,4878.2,5178.2,6882.9400000000005,5.816438356164384,C
2400.0,4582.1,4882.1,6882.9400000000005,5.816438356164384,C
2800.0,4288.4,4588.4,6882.9400000000005,5.816438356164384,C
3200.0,4000.0,4300.0,6882.9400000000005,5.816438356164384,C
3600.0,3718.0,4018.0,6882.9400000000005,5.816438356164384,C
4000.0,3443.2,3743.2,6882.9400000000005,5.816438356164384,C
4400.0,3176.8,3476.8,6882.9400000000005,5.816438356164384,C
4800.0,2920.1,3220.1,6882.9400000000005,5.816438356164384,C
5200.0,2673.4,2973.4,6882.9400000000005,5.816438356164384,C
5600.0,2437.0,2737.0,6882.9400000000005,5.816438356164384,C
6000.0,2211.3,2511.3,6882.9400000000005,5.816438356164384,C
6400.0,1994.6,2294.6,6882.9400000000005,5.816438356164384,C
6800.0,1888.9,1994.9,6882.9400000000005,5.816438356164384,C
7200.0,1682.4,1790.7,6882.9400000000005,5.816438356164384,C
7600.0,1481.4,1591.6,6882.9400000000005,5.816438356164384,C
8000.0,1288.5,1400.2,6882.9400000000005,5.816438356164384,C
8400.0,1106.8,1219.3,6882.9400000000005,5.816438356164384,C
8800.0,939.1,1051.6,6882.9400000000005,5.816438356164384,C
9200.0,787.4,899.2,6882.9400000000005,5.816438356164384,C
9600.0,652.8,763.2,6882.9400000000005,5.816438356164384,C
10000.0,534.9,643.0,6882.9400000000005,5.816438356164384,C
10400.0,432.7,537.8,6882.9400000000005,5.816438356164384,C
10800.0,345.3,446.1,6882.9400000000005,5.816438356164384,C
11200.0,271.5,340.0,6882.9400000000005,5.816438356164384,C
11600.0,235.0,303.0,6882.9400000000005,5.816438356164384,C
12000.0,174.9,249.0,6882.9400000000005,5.816438356164384,C
13000.0,87.4,147.9,6882.9400000000005,5.816438356164384,C
14000.0,47.0,94.0,6882.9400000000005,5.816438356164384,C
15000.0,43.7,47.5,6882.9400000000005,5.816438356164384,C
16000.0,26.8,45.1,6882.9400000000005,5.816438356164384,C
